{"type":"FeatureCollection","features":[{"type":"Feature","geometry":{"coordinates":[[[-58.445372,-34.569491],[-58.451331,-34.580232],[-58.445358,-34.584715],[-58.447812,-34.591832],[-58.436319,-34.601152],[-58.418236,-34.603232],[-58.414366,-34.594336],[-58.403665,-34.579516],[-58.434763,-34.562931],[-58.445372,-34.569491]]],"type":"Polygon"},"properties":{"id":"42a38cb0-4eb2-4062-b4bd-960446ad12c3","barrio":"Palermo","pinLocation":"{\"lat\":-34.591488444813145,\"lng\":-58.42236388465528}","barrio_cleaned":"palermo"}},{"type":"Feature","geometry":{"coordinates":[[[-58.433968,-34.553318],[-58.445126,-34.559821],[-58.43311,-34.565476],[-58.446716,-34.573584],[-58.463023,-34.568213],[-58.469547,-34.572453],[-58.477271,-34.562983],[-58.453562,-34.550586],[-58.45072,-34.552757],[-58.442994,-34.548454],[-58.4716,-34.572426],[-58.4414,-34.548044],[-58.433968,-34.553318]]],"type":"Polygon"},"properties":{"id":"781b55ca-68f4-4507-b9aa-1ad90844ffa3","barrio":"Belgrano","pinLocation":"{\"lat\":-34.55886091162459,\"lng\":-58.452649084377825}","barrio_cleaned":"belgrano"}},{"type":"Feature","geometry":{"coordinates":[[[-58.377481,-34.617442],[-58.368651,-34.617093],[-58.373199,-34.614852],[-58.372893,-34.621879],[-58.369808,-34.62173],[-58.375794,-34.621033],[-58.36989,-34.619483],[-58.376233,-34.620232],[-58.37683,-34.616227],[-58.374914,-34.6154],[-58.373658,-34.615141],[-58.377481,-34.617442]]],"type":"Polygon"},"properties":{"id":"1b219fa1-1c49-4ac0-bcd6-140217a30dc8","barrio":"San Telmo","pinLocation":"{\"lat\":-34.617052952067105,\"lng\":-58.37163573480464}","barrio_cleaned":"santelmo"}},{"type":"Feature","geometry":{"coordinates":[[[-58.4547,-34.547953],[-58.449292,-34.542898],[-58.432026,-34.551208],[-58.422344,-34.556705],[-58.429691,-34.562755],[-58.442364,-34.572586],[-58.455587,-34.570166],[-58.463485,-34.574854],[-58.475239,-34.563209],[-58.4547,-34.547953]]],"type":"Polygon"},"properties":{"id":"6fc69c7f-7fcc-41ad-a21b-600d0f136172","barrio":"Belgrano","pinLocation":"{\"lat\":-34.56353456032472,\"lng\":-58.45946598991496}","barrio_cleaned":"belgrano"}},{"type":"Feature","geometry":{"coordinates":[[[-58.44904,-34.542426],[-58.45432,-34.549257],[-58.450758,-34.552884],[-58.466422,-34.562091],[-58.463672,-34.563507],[-58.480633,-34.573428],[-58.47554,-34.577112],[-58.469315,-34.578655],[-58.463007,-34.575055],[-58.457893,-34.569848],[-58.45222,-34.571425],[-58.446972,-34.573665],[-58.443619,-34.574957],[-58.440991,-34.572161],[-58.434869,-34.575239],[-58.431117,-34.574806],[-58.439257,-34.56635],[-58.436587,-34.563636],[-58.434864,-34.562196],[-58.431253,-34.561723],[-58.44904,-34.542426]]],"type":"Polygon"},"properties":{"id":"cc48c787-1126-47d7-9621-42ff2bf1f203","barrio":"Belgrano","pinLocation":"{\"lat\":-34.55843937597864,\"lng\":-58.45151457827748}","barrio_cleaned":"belgrano"}},{"type":"Feature","geometry":{"coordinates":[[[-58.435154,-34.572569],[-58.43278,-34.574012],[-58.436398,-34.568416],[-58.43752,-34.566392],[-58.43394,-34.565908],[-58.430252,-34.56714],[-58.428168,-34.56846],[-58.427581,-34.57154],[-58.429291,-34.573916],[-58.432337,-34.573916],[-58.435154,-34.572569]]],"type":"Polygon"},"properties":{"id":"1487a01b-a93d-4dcd-87ad-c109f972947b","barrio":"Las Cañitas","pinLocation":"{\"lat\":-34.570948565294394,\"lng\":-58.43313763327893}","barrio_cleaned":"lascanitas"}},{"type":"Feature","geometry":{"coordinates":[[[-58.404937,-34.580315],[-58.410069,-34.58866],[-58.41442,-34.593834],[-58.416195,-34.597977],[-58.423991,-34.597649],[-58.430241,-34.594437],[-58.438378,-34.588543],[-58.444598,-34.584497],[-58.444081,-34.582961],[-58.442934,-34.581529],[-58.436088,-34.575119],[-58.430545,-34.576807],[-58.426231,-34.577805],[-58.423634,-34.571309],[-58.416929,-34.561364],[-58.405626,-34.568876],[-58.39924,-34.571815],[-58.404418,-34.575876],[-58.400753,-34.579819],[-58.404937,-34.580315]]],"type":"Polygon"},"properties":{"id":"80b75ae3-8b42-4bc3-9dbc-a036f3858f77","barrio":"Palermo","pinLocation":"{\"lat\":-34.585551737177326,\"lng\":-58.419283109191525}","barrio_cleaned":"palermo"}},{"type":"Feature","geometry":{"coordinates":[[[-58.473433,-34.553659],[-58.466913,-34.56208],[-58.478256,-34.569389],[-58.48575,-34.559942],[-58.473433,-34.553659]]],"type":"Polygon"},"properties":{"id":"8ea4bb54-8614-4f39-8beb-024fa91e97a1","barrio":"Coghlan","pinLocation":"{\"lat\":-34.55672778262823,\"lng\":-58.47464932037583}","barrio_cleaned":"coghlan"}},{"type":"Feature","geometry":{"coordinates":[[[-58.431653,-34.574536],[-58.424162,-34.571014],[-58.436339,-34.563569],[-58.43924,-34.56593],[-58.431653,-34.574536]]],"type":"Polygon"},"properties":{"id":"ad222420-c8fe-411f-adda-55fba381103d","barrio":"Las Cañitas","pinLocation":"{\"lat\":-34.568804813532644,\"lng\":-58.43457476868562}","barrio_cleaned":"lascanitas"}},{"type":"Feature","geometry":{"coordinates":[[[-58.469477,-34.571474],[-58.472946,-34.567117],[-58.465831,-34.558837],[-58.450779,-34.551913],[-58.44343,-34.548474],[-58.437433,-34.555448],[-58.445664,-34.561258],[-58.436903,-34.565277],[-58.443547,-34.572152],[-58.45676,-34.568986],[-58.469477,-34.571474]]],"type":"Polygon"},"properties":{"id":"10eb59f4-4b16-49b5-9234-a9285adb108b","barrio":"Belgrano","pinLocation":"{\"lat\":-34.56734726562308,\"lng\":-58.45851774850834}","barrio_cleaned":"belgrano"}},{"type":"Feature","geometry":{"coordinates":[[[-58.379439,-34.584567],[-58.392648,-34.5768],[-58.36729,-34.584335],[-58.370798,-34.592475],[-58.368225,-34.597648],[-58.391643,-34.599872],[-58.379439,-34.584567]]],"type":"Polygon"},"properties":{"id":"d208abc4-1474-407c-bdbd-1d53ad45112e","barrio":"Retiro","pinLocation":"{\"lat\":-34.5908125071217,\"lng\":-58.378773961288005}","barrio_cleaned":"retiro"}},{"type":"Feature","geometry":{"coordinates":[[[-58.389698,-34.622238],[-58.381532,-34.62224],[-58.381508,-34.613385],[-58.369587,-34.612539],[-58.369872,-34.608966],[-58.390241,-34.610389],[-58.389698,-34.622238]]],"type":"Polygon"},"properties":{"id":"8b83678b-1891-4b0e-b970-f3de552316ec","barrio":"Monserrat","pinLocation":"{\"lat\":-34.62163531560349,\"lng\":-58.38872899462483}","barrio_cleaned":"monserrat"}},{"type":"Feature","geometry":{"coordinates":[[[-58.469477,-34.571474],[-58.472946,-34.567117],[-58.465831,-34.558837],[-58.450779,-34.551913],[-58.44343,-34.548474],[-58.437433,-34.555448],[-58.445664,-34.561258],[-58.436903,-34.565277],[-58.443547,-34.572152],[-58.45676,-34.568986],[-58.469477,-34.571474]]],"type":"Polygon"},"properties":{"id":"2d5b48f7-1883-467b-9798-72e6395dcda7","barrio":"Belgrano","pinLocation":"{\"lat\":-34.56734726562308,\"lng\":-58.45851774850834}","barrio_cleaned":"belgrano"}},{"type":"Feature","geometry":{"coordinates":[[[-58.455301,-34.555526],[-58.464579,-34.561028],[-58.458018,-34.569349],[-58.446913,-34.573278],[-58.444592,-34.56982],[-58.436691,-34.563486],[-58.443706,-34.561846],[-58.455301,-34.555526]]],"type":"Polygon"},"properties":{"id":"cf485c11-2572-49dc-b98d-f69651a6a891","barrio":"Belgrano C","pinLocation":"{\"lat\":-34.562871603571004,\"lng\":-58.44620059904497}","barrio_cleaned":"belgranoc"}},{"type":"Feature","geometry":{"coordinates":[[[-58.438033,-34.58769],[-58.426617,-34.57808],[-58.435544,-34.57497],[-58.444642,-34.583026],[-58.438033,-34.58769]]],"type":"Polygon"},"properties":{"id":"d3b3af16-00ca-4034-808c-a20d84dd2e9f","barrio":"Palermo Hollywood","pinLocation":"{\"lat\":-34.58076785859135,\"lng\":-58.43406468588928}","barrio_cleaned":"palermohollywood"}},{"type":"Feature","geometry":{"coordinates":[[[-58.417156,-34.615881],[-58.415919,-34.62995],[-58.391183,-34.627067],[-58.391685,-34.613891],[-58.417156,-34.615881]]],"type":"Polygon"},"properties":{"id":"14545d43-1822-47db-ad56-629e5e2adc73","barrio":"San Cristóbal","pinLocation":"{\"lat\":-34.621779920323064,\"lng\":-58.39626327996001}","barrio_cleaned":"sancristobal"}},{"type":"Feature","geometry":{"coordinates":[[[-58.406232,-34.583935],[-58.410149,-34.589006],[-58.405508,-34.593302],[-58.399947,-34.595012],[-58.39646,-34.59571],[-58.393433,-34.595568],[-58.393169,-34.592486],[-58.391043,-34.590923],[-58.388244,-34.58805],[-58.385641,-34.586367],[-58.398053,-34.580729],[-58.399207,-34.58245],[-58.404584,-34.580441],[-58.406232,-34.583935]]],"type":"Polygon"},"properties":{"id":"e2e4911c-c210-458a-af52-b85f967c3d4c","barrio":"Recoleta","pinLocation":"{\"lat\":-34.587148218935646,\"lng\":-58.407551392416195}","barrio_cleaned":"recoleta"}},{"type":"Feature","geometry":{"coordinates":[[[-58.453935,-34.625775],[-58.459408,-34.613651],[-58.469105,-34.617933],[-58.474091,-34.620542],[-58.469743,-34.630505],[-58.460022,-34.628057],[-58.453935,-34.625775]]],"type":"Polygon"},"properties":{"id":"d52f5ddd-ef08-4807-9695-c64797c68ebf","barrio":"Flores Norte","pinLocation":"{\"lat\":-34.620899230624175,\"lng\":-58.46077460024907}","barrio_cleaned":"floresnorte"}},{"type":"Feature","geometry":{"coordinates":[[[-58.433605,-34.572893],[-58.439597,-34.566471],[-58.436865,-34.563532],[-58.429639,-34.567886],[-58.433605,-34.572893]]],"type":"Polygon"},"properties":{"id":"484e2c59-918d-426d-806d-b119da6e89f4","barrio":"Las Cañitas","pinLocation":"{\"lat\":-34.57064182174175,\"lng\":-58.43525804155425}","barrio_cleaned":"lascanitas"}},{"type":"Feature","geometry":{"coordinates":[[[-58.426585,-34.57785],[-58.433408,-34.575942],[-58.434824,-34.5752],[-58.442034,-34.571489],[-58.438772,-34.569157],[-58.437356,-34.568309],[-58.43933,-34.566118],[-58.445674,-34.560995],[-58.442026,-34.562291],[-58.438378,-34.562821],[-58.436375,-34.563646],[-58.42865,-34.568181],[-58.423499,-34.571009],[-58.426585,-34.57785]]],"type":"Polygon"},"properties":{"id":"19739837-65fb-4808-a391-517f6bd1986b","barrio":"Las Cañitas","pinLocation":"{\"lat\":-34.5716942030548,\"lng\":-58.429288178203365}","barrio_cleaned":"lascanitas"}},{"type":"Feature","geometry":{"coordinates":[[[-58.436334,-34.564423],[-58.439329,-34.565866],[-58.446761,-34.560499],[-58.445047,-34.559874],[-58.450757,-34.553154],[-58.443041,-34.548325],[-58.436334,-34.564423]]],"type":"Polygon"},"properties":{"id":"5e1bf009-aea7-4498-8987-c243eee3e3be","barrio":"Bajo Belgrano","pinLocation":"{\"lat\":-34.5632892058525,\"lng\":-58.440038467212716}","barrio_cleaned":"bajobelgrano"}},{"type":"Feature","geometry":{"coordinates":[[[-58.43555,-34.58842],[-58.432289,-34.586619],[-58.431216,-34.584958],[-58.427883,-34.580742],[-58.425994,-34.579222],[-58.421274,-34.581613],[-58.415877,-34.585409],[-58.429796,-34.594077],[-58.43555,-34.58842]]],"type":"Polygon"},"properties":{"id":"4ab36437-7b37-45f2-8099-efe1650af073","barrio":"Palermo Soho","pinLocation":"{\"lat\":-34.584904789023504,\"lng\":-58.428512038348345}","barrio_cleaned":"palermosoho"}},{"type":"Feature","geometry":{"coordinates":[[[-58.476005,-34.619281],[-58.457783,-34.647389],[-58.446224,-34.635561],[-58.459456,-34.608007],[-58.476005,-34.619281]]],"type":"Polygon"},"properties":{"id":"b12a3f32-e5ba-45ec-9a3a-8bd9628d4b4e","barrio":"Flores Sur","pinLocation":"{\"lat\":-34.635003347696674,\"lng\":-58.46347677384931}","barrio_cleaned":"floressur"}},{"type":"Feature","geometry":{"coordinates":[[[-58.410226,-34.596914],[-58.42417,-34.596278],[-58.428032,-34.592994],[-58.422411,-34.589179],[-58.420266,-34.590062],[-58.417863,-34.59151],[-58.411685,-34.596243],[-58.410226,-34.596914]]],"type":"Polygon"},"properties":{"id":"c4e1756e-0928-46c7-adfd-b12ccf8acd76","barrio":"Palermo Sensible","pinLocation":"{\"lat\":-34.59277817827995,\"lng\":-58.42208082161311}","barrio_cleaned":"palermosensible"}},{"type":"Feature","geometry":{"coordinates":[[[-58.473792,-34.569424],[-58.467167,-34.57727],[-58.46329,-34.57507],[-58.457568,-34.569132],[-58.462935,-34.562902],[-58.473574,-34.569269],[-58.473792,-34.569424]]],"type":"Polygon"},"properties":{"id":"6fc57796-fc8f-4cde-baf2-2ef58b7e5fe9","barrio":"Belgrano R","pinLocation":"{\"lat\":-34.56640081379755,\"lng\":-58.461546870738474}","barrio_cleaned":"belgranor"}},{"type":"Feature","geometry":{"coordinates":[[[-58.426627,-34.626991],[-58.423624,-34.640356],[-58.442931,-34.643669],[-58.451557,-34.637448],[-58.439478,-34.628963],[-58.426627,-34.626991]]],"type":"Polygon"},"properties":{"id":"d9a96b17-e8af-47cb-a8b9-aa2a1ef74e00","barrio":"Parque Chacabuco","pinLocation":"{\"lat\":-34.63800651969106,\"lng\":-58.43050195992768}","barrio_cleaned":"parquechacabuco"}},{"type":"Feature","geometry":{"coordinates":[[[-58.475552,-34.563351],[-58.478006,-34.567655],[-58.46776,-34.559739],[-58.468907,-34.576968],[-58.461738,-34.570325],[-58.462697,-34.56984],[-58.474636,-34.567691],[-58.473728,-34.570728],[-58.47877,-34.569716],[-58.474828,-34.57217],[-58.470885,-34.574624],[-58.469978,-34.571059],[-58.469071,-34.567495],[-58.468164,-34.563931],[-58.467711,-34.562149],[-58.463657,-34.563565],[-58.470825,-34.564676],[-58.467257,-34.560367],[-58.478412,-34.569947],[-58.475545,-34.568502],[-58.475214,-34.568045],[-58.474882,-34.567589],[-58.474716,-34.567361],[-58.474551,-34.567132],[-58.474468,-34.567018],[-58.474385,-34.566904],[-58.474219,-34.566676],[-58.472893,-34.564849],[-58.471567,-34.563023],[-58.470904,-34.562109],[-58.470241,-34.561196],[-58.47409,-34.563813],[-58.477939,-34.56643],[-58.475552,-34.563351]]],"type":"Polygon"},"properties":{"id":"38f513af-7803-42ad-9985-dfc4578b16bb","barrio":"Belgrano R","pinLocation":"{\"lat\":-34.563340155758205,\"lng\":-58.46715647525379}","barrio_cleaned":"belgranor"}},{"type":"Feature","geometry":{"coordinates":[[[-58.377035,-34.628044],[-58.374213,-34.626827],[-58.370978,-34.626575],[-58.368124,-34.626437],[-58.367987,-34.62306],[-58.36875,-34.619657],[-58.369579,-34.616798],[-58.369762,-34.614964],[-58.3764,-34.614814],[-58.380489,-34.61525],[-58.379696,-34.621052],[-58.377035,-34.628044]]],"type":"Polygon"},"properties":{"id":"49bb58d4-979d-4874-8066-a1f456ea9bf4","barrio":"San Telmo","pinLocation":"{\"lat\":-34.6275619766524,\"lng\":-58.37621173246103}","barrio_cleaned":"santelmo"}},{"type":"Feature","geometry":{"coordinates":[[[-58.426468,-34.578127],[-58.42337,-34.571445],[-58.43972,-34.56283],[-58.445229,-34.560769],[-58.438076,-34.567257],[-58.426468,-34.578127]]],"type":"Polygon"},"properties":{"id":"84595101-025d-400e-83a3-01b83ba39f79","barrio":"Las Cañitas","pinLocation":"{\"lat\":-34.565590230361444,\"lng\":-58.436640255527394}","barrio_cleaned":"lascanitas"}},{"type":"Feature","geometry":{"coordinates":[[[-58.391439,-34.62271],[-58.378631,-34.622066],[-58.379331,-34.62005],[-58.379203,-34.608923],[-58.391905,-34.609788],[-58.391439,-34.62271]]],"type":"Polygon"},"properties":{"id":"8706f168-d5b8-4dbf-83c2-98cca79051a3","barrio":"Monserrat","pinLocation":"{\"lat\":-34.62229763996159,\"lng\":-58.38403437995264}","barrio_cleaned":"monserrat"}},{"type":"Feature","geometry":{"coordinates":[[[-58.38827,-34.659975],[-58.390223,-34.633973],[-58.383177,-34.632303],[-58.378412,-34.629048],[-58.374344,-34.626755],[-58.371063,-34.6266],[-58.370267,-34.633152],[-58.367566,-34.650052],[-58.368824,-34.652256],[-58.370741,-34.655026],[-58.38827,-34.659975]]],"type":"Polygon"},"properties":{"id":"d22dbcd7-cf02-4985-a49b-b14e97338b7c","barrio":"Barracas","pinLocation":"{\"lat\":-34.650271012243266,\"lng\":-58.38135864406662}","barrio_cleaned":"barracas"}},{"type":"Feature","geometry":{"coordinates":[[[-58.383694,-34.587729],[-58.38578,-34.589739],[-58.386894,-34.590793],[-58.384452,-34.592784],[-58.384511,-34.594486],[-58.384013,-34.595423],[-58.382307,-34.595432],[-58.380191,-34.599519],[-58.380849,-34.603161],[-58.37068,-34.602876],[-58.373039,-34.594313],[-58.383694,-34.587729]]],"type":"Polygon"},"properties":{"id":"6725121d-d025-4851-9696-e0561ac98f55","barrio":"Retiro","pinLocation":"{\"lat\":-34.59239616953384,\"lng\":-58.378776918108954}","barrio_cleaned":"retiro"}},{"type":"Feature","geometry":{"coordinates":[[[-58.410002,-34.588931],[-58.404676,-34.580464],[-58.399408,-34.582674],[-58.392018,-34.584611],[-58.387412,-34.585757],[-58.385722,-34.586575],[-58.392694,-34.592566],[-58.393423,-34.595757],[-58.399852,-34.595075],[-58.40237,-34.594584],[-58.404988,-34.593248],[-58.410002,-34.588931]]],"type":"Polygon"},"properties":{"id":"81da33ba-e0b8-44f2-aba5-a510d1c9ba1e","barrio":"Recoleta","pinLocation":"{\"lat\":-34.58744045482875,\"lng\":-58.40501993921606}","barrio_cleaned":"recoleta"}},{"type":"Feature","geometry":{"coordinates":[[[-58.404821,-34.576774],[-58.419825,-34.564991],[-58.445119,-34.584864],[-58.423072,-34.597715],[-58.404476,-34.597988],[-58.404821,-34.576774]]],"type":"Polygon"},"properties":{"id":"974eb7df-9323-4135-b703-da359f925fa2","barrio":"Palermo","pinLocation":"{\"lat\":-34.58419908008029,\"lng\":-58.42395373534998}","barrio_cleaned":"palermo"}},{"type":"Feature","geometry":{"coordinates":[[[-58.382804,-34.588248],[-58.384189,-34.590846],[-58.384508,-34.592796],[-58.384259,-34.595529],[-58.384009,-34.599127],[-58.367978,-34.598431],[-58.365951,-34.585329],[-58.375967,-34.580482],[-58.382804,-34.588248]]],"type":"Polygon"},"properties":{"id":"a1300ddc-45fd-419a-9dbc-8dcb15eb8a05","barrio":"Retiro","pinLocation":"{\"lat\":-34.593052198836084,\"lng\":-58.37856929941226}","barrio_cleaned":"retiro"}},{"type":"Feature","geometry":{"coordinates":[[[-58.444994,-34.561691],[-58.431587,-34.574522],[-58.424183,-34.570773],[-58.437051,-34.563185],[-58.444994,-34.561691]]],"type":"Polygon"},"properties":{"id":"4f6cd796-2b37-4632-a999-3c09dfc35b06","barrio":"Las Cañitas","pinLocation":"{\"lat\":-34.567773382205736,\"lng\":-58.432765905797766}","barrio_cleaned":"lascanitas"}},{"type":"Feature","geometry":{"coordinates":[[[-58.377928,-34.628526],[-58.371013,-34.626714],[-58.367632,-34.64972],[-58.3887,-34.656883],[-58.390716,-34.634048],[-58.377928,-34.628526]]],"type":"Polygon"},"properties":{"id":"6e4c7e0f-e5eb-4371-abd0-6bfa6f3c8da3","barrio":"Barracas","pinLocation":"{\"lat\":-34.64441820855932,\"lng\":-58.388445433369284}","barrio_cleaned":"barracas"}},{"type":"Feature","geometry":{"coordinates":[[[-58.40705,-34.621978],[-58.407111,-34.623815],[-58.406736,-34.627484],[-58.406591,-34.628968],[-58.406356,-34.630329],[-58.407959,-34.632001],[-58.409549,-34.633192],[-58.409636,-34.63253],[-58.41935,-34.634382],[-58.421192,-34.634627],[-58.420901,-34.63592],[-58.424823,-34.636281],[-58.426458,-34.628598],[-58.427793,-34.622035],[-58.424103,-34.621691],[-58.418557,-34.621064],[-58.412707,-34.620698],[-58.407707,-34.619751],[-58.40705,-34.621978]]],"type":"Polygon"},"properties":{"id":"ce82b392-974c-473e-aa7c-97ce3128f3fd","barrio":"Boedo","pinLocation":"{\"lat\":-34.62264093762216,\"lng\":-58.41269471597565}","barrio_cleaned":"boedo"}},{"type":"Feature","geometry":{"coordinates":[[[-58.450876,-34.552663],[-58.446841,-34.549972],[-58.442637,-34.547927],[-58.437527,-34.550424],[-58.434409,-34.553212],[-58.440809,-34.558099],[-58.443354,-34.561231],[-58.450876,-34.552663]]],"type":"Polygon"},"properties":{"id":"d2727a7a-850b-462e-bc31-f6de9e3f5f13","barrio":"Bajo Belgrano","pinLocation":"{\"lat\":-34.549634160180155,\"lng\":-58.445420800733004}","barrio_cleaned":"bajobelgrano"}},{"type":"Feature","geometry":{"coordinates":[[[-58.397502,-34.583016],[-58.399777,-34.584924],[-58.397374,-34.587468],[-58.408378,-34.598159],[-58.423633,-34.597432],[-58.444935,-34.583915],[-58.435504,-34.575005],[-58.431871,-34.573923],[-58.424063,-34.570674],[-58.416948,-34.562331],[-58.401333,-34.571688],[-58.404841,-34.576467],[-58.396242,-34.581746],[-58.397502,-34.583016]]],"type":"Polygon"},"properties":{"id":"12d2b995-9c76-485c-bd1d-8c4fbeca5855","barrio":"Palermo","pinLocation":"{\"lat\":-34.58020258087917,\"lng\":-58.4069388956337}","barrio_cleaned":"palermo"}},{"type":"Feature","geometry":{"coordinates":[[[-58.451462,-34.63049],[-58.433657,-34.62804],[-58.430446,-34.644936],[-58.437075,-34.647211],[-58.451462,-34.63049]]],"type":"Polygon"},"properties":{"id":"9760db82-6819-43be-93e2-4b1e97b5201b","barrio":"Parque Chacabuco","pinLocation":"{\"lat\":-34.64259043253391,\"lng\":-58.438560634231905}","barrio_cleaned":"parquechacabuco"}},{"type":"Feature","geometry":{"coordinates":[[[-58.470023,-34.657639],[-58.481829,-34.6831],[-58.484549,-34.687484],[-58.479465,-34.691537],[-58.459634,-34.674132],[-58.470023,-34.657639]]],"type":"Polygon"},"properties":{"id":"23cb7f40-bf81-4aeb-901f-8e4118f65cc6","barrio":"Villa Lugano","pinLocation":"{\"lat\":-34.661017224571545,\"lng\":-58.47056587991641}","barrio_cleaned":"villalugano"}},{"type":"Feature","geometry":{"coordinates":[[[-58.449434,-34.542911],[-58.454758,-34.549111],[-58.453442,-34.550366],[-58.469025,-34.558853],[-58.475784,-34.55168],[-58.459779,-34.538784],[-58.449434,-34.542911]]],"type":"Polygon"},"properties":{"id":"8df1fcb7-69a1-405b-b34b-609245b34438","barrio":"Núñez","pinLocation":"{\"lat\":-34.547429664912606,\"lng\":-58.4649395645703}","barrio_cleaned":"nunez"}},{"type":"Feature","geometry":{"coordinates":[[[-58.453531,-34.55081],[-58.446872,-34.55644],[-58.462735,-34.566124],[-58.468273,-34.558316],[-58.453531,-34.55081]]],"type":"Polygon"},"properties":{"id":"859d3e69-6782-4bdc-86fa-caadc899a0d2","barrio":"Belgrano","pinLocation":"{\"lat\":-34.557230978530484,\"lng\":-58.45585595416411}","barrio_cleaned":"belgrano"}},{"type":"Feature","geometry":{"coordinates":[[[-58.459793,-34.578622],[-58.450665,-34.580587],[-58.446937,-34.573708],[-58.457583,-34.56988],[-58.459793,-34.578622]]],"type":"Polygon"},"properties":{"id":"9098cc71-0c00-4796-9c22-158375d69212","barrio":"Colegiales","pinLocation":"{\"lat\":-34.57266785779745,\"lng\":-58.45457924359695}","barrio_cleaned":"colegiales"}},{"type":"Feature","geometry":{"coordinates":[[[-58.458516,-34.604111],[-58.45641,-34.597681],[-58.46539,-34.59635],[-58.464566,-34.592523],[-58.470741,-34.587558],[-58.475816,-34.591488],[-58.478664,-34.599342],[-58.458516,-34.604111]]],"type":"Polygon"},"properties":{"id":"316c7ac1-984f-4c54-8327-e24567d2d0ff","barrio":"La Paternal","pinLocation":"{\"lat\":-34.60150761097609,\"lng\":-58.46491939331338}","barrio_cleaned":"lapaternal"}},{"type":"Feature","geometry":{"coordinates":[[[-58.431307,-34.574154],[-58.424181,-34.571029],[-58.437675,-34.562458],[-58.44441,-34.561591],[-58.431307,-34.574154]]],"type":"Polygon"},"properties":{"id":"59235e73-c7f4-4ef5-808a-1a3b6e3d6b6b","barrio":"Las Cañitas","pinLocation":"{\"lat\":-34.56764685623133,\"lng\":-58.43243520169236}","barrio_cleaned":"lascanitas"}},{"type":"Feature","geometry":{"coordinates":[[[-58.391978,-34.609281],[-58.369705,-34.608151],[-58.369275,-34.617192],[-58.391291,-34.622525],[-58.391978,-34.609281]]],"type":"Polygon"},"properties":{"id":"ea10dfa4-a386-4f71-be75-8f13824a7cbc","barrio":"Monserrat","pinLocation":"{\"lat\":-34.61622120295347,\"lng\":-58.39154855466529}","barrio_cleaned":"monserrat"}},{"type":"Feature","geometry":{"coordinates":[[[-58.464917,-34.551564],[-58.473303,-34.555817],[-58.477218,-34.547839],[-58.476629,-34.540634],[-58.467112,-34.536772],[-58.456989,-34.539493],[-58.450822,-34.542249],[-58.464917,-34.551564]]],"type":"Polygon"},"properties":{"id":"b7b0ab0d-3bad-4c42-af2d-a29666066aa1","barrio":"Núñez","pinLocation":"{\"lat\":-34.539280756359304,\"lng\":-58.46536091454921}","barrio_cleaned":"nunez"}},{"type":"Feature","geometry":{"coordinates":[[[-58.463711,-34.557174],[-58.446634,-34.548005],[-58.435754,-34.552798],[-58.440688,-34.568321],[-58.446254,-34.570404],[-58.463711,-34.557174]]],"type":"Polygon"},"properties":{"id":"60b44577-164a-4687-960e-09d9c276d944","barrio":"Belgrano C","pinLocation":"{\"lat\":-34.56313261301395,\"lng\":-58.444305975808774}","barrio_cleaned":"belgranoc"}},{"type":"Feature","geometry":{"coordinates":[[[-58.444224,-34.569291],[-58.437529,-34.562718],[-58.442193,-34.558381],[-58.435498,-34.553397],[-58.442665,-34.548201],[-58.450604,-34.552867],[-58.453308,-34.550852],[-58.467599,-34.558098],[-58.457528,-34.569159],[-58.446971,-34.572693],[-58.444224,-34.569291]]],"type":"Polygon"},"properties":{"id":"92f23eb0-5f76-4190-90de-d84fe8d35b1b","barrio":"Belgrano","pinLocation":"{\"lat\":-34.56605185796065,\"lng\":-58.449207102101084}","barrio_cleaned":"belgrano"}},{"type":"Feature","geometry":{"coordinates":[[[-58.439956,-34.562924],[-58.441115,-34.564672],[-58.431667,-34.57451],[-58.428058,-34.573393],[-58.430609,-34.569819],[-58.431558,-34.569217],[-58.429876,-34.567854],[-58.436305,-34.563674],[-58.439956,-34.562924]]],"type":"Polygon"},"properties":{"id":"3738799e-303d-46be-8e59-a6374161834f","barrio":"Las Cañitas","pinLocation":"{\"lat\":-34.56573752312189,\"lng\":-58.43754929953573}","barrio_cleaned":"lascanitas"}},{"type":"Feature","geometry":{"coordinates":[[[-58.438213,-34.630312],[-58.446344,-34.60559],[-58.429081,-34.602123],[-58.42402,-34.624665],[-58.438213,-34.630312]]],"type":"Polygon"},"properties":{"id":"2e0656c4-6035-4259-bbc1-b9dbdb4a6f89","barrio":"Caballito","pinLocation":"{\"lat\":-34.626554518188875,\"lng\":-58.43351576610242}","barrio_cleaned":"caballito"}},{"type":"Feature","geometry":{"coordinates":[[[-58.412556,-34.620688],[-58.41177,-34.630333],[-58.391222,-34.627062],[-58.391651,-34.618236],[-58.412556,-34.620688]]],"type":"Polygon"},"properties":{"id":"ef9675c8-e85e-4146-aa63-0fa4b8ab53a9","barrio":"San Cristóbal","pinLocation":"{\"lat\":-34.624676161467114,\"lng\":-58.401579357456725}","barrio_cleaned":"sancristobal"}},{"type":"Feature","geometry":{"coordinates":[[[-58.369932,-34.6297],[-58.374181,-34.634681],[-58.371969,-34.65063],[-58.357474,-34.644691],[-58.353515,-34.634442],[-58.362073,-34.625149],[-58.369932,-34.6297]]],"type":"Polygon"},"properties":{"id":"28f546c8-c5cf-4740-ba5c-168f85253d4d","barrio":"La Boca","pinLocation":"{\"lat\":-34.628883864856114,\"lng\":-58.36715768609119}","barrio_cleaned":"laboca"}},{"type":"Feature","geometry":{"coordinates":[[[-58.488751,-34.584665],[-58.46794,-34.573424],[-58.477263,-34.56328],[-58.480177,-34.565199],[-58.486586,-34.558001],[-58.494994,-34.547306],[-58.500072,-34.550048],[-58.510061,-34.569997],[-58.488751,-34.584665]]],"type":"Polygon"},"properties":{"id":"4d14c663-cf9a-4ea7-b4d4-218dc26eb708","barrio":"Villa Urquiza","pinLocation":"{\"lng\":-58.482780582882825,\"lat\":-34.58062564261853}","barrio_cleaned":"villaurquiza"}},{"type":"Feature","geometry":{"coordinates":[[[-58.370514,-34.629644],[-58.367598,-34.650079],[-58.357802,-34.645198],[-58.361645,-34.640181],[-58.353968,-34.636086],[-58.353814,-34.63109],[-58.364078,-34.624141],[-58.370514,-34.629644]]],"type":"Polygon"},"properties":{"id":"f3a186ca-f78e-468b-8f48-7428f687cbc0","barrio":"La Boca","pinLocation":"{\"lat\":-34.637302942202574,\"lng\":-58.36364886731731}","barrio_cleaned":"laboca"}},{"type":"Feature","geometry":{"coordinates":[[[-58.442818,-34.548625],[-58.450616,-34.553451],[-58.453938,-34.549689],[-58.463719,-34.555085],[-58.467595,-34.559303],[-58.457283,-34.569668],[-58.447409,-34.572061],[-58.440996,-34.574645],[-58.437397,-34.569136],[-58.442818,-34.548625]]],"type":"Polygon"},"properties":{"id":"bfde5eb2-15bf-4de4-9646-41ff24c78d42","barrio":"Belgrano","pinLocation":"{\"lat\":-34.55846136246714,\"lng\":-58.452955085698946}","barrio_cleaned":"belgrano"}},{"type":"Feature","geometry":{"coordinates":[[[-58.453121,-34.565588],[-58.445597,-34.56112],[-58.444641,-34.562002],[-58.441293,-34.564608],[-58.438181,-34.567287],[-58.437405,-34.568341],[-58.441927,-34.57145],[-58.453121,-34.565588]]],"type":"Polygon"},"properties":{"id":"f507bd8c-da5c-417b-8985-6081d4ee4489","barrio":"San Benito","pinLocation":"{\"lat\":-34.5648700507836,\"lng\":-58.44469454494241}","barrio_cleaned":"sanbenito"}},{"type":"Feature","geometry":{"coordinates":[[[-58.431341,-34.574509],[-58.427634,-34.573205],[-58.430476,-34.569853],[-58.43084,-34.568616],[-58.429656,-34.567888],[-58.434309,-34.564743],[-58.437296,-34.568048],[-58.435074,-34.569378],[-58.431341,-34.574509]]],"type":"Polygon"},"properties":{"id":"4af67738-7aa0-4084-87af-26b3937f900d","barrio":"Las Cañitas","pinLocation":"{\"lat\":-34.567608047949605,\"lng\":-58.435112520764406}","barrio_cleaned":"lascanitas"}},{"type":"Feature","geometry":{"coordinates":[[[-58.499864,-34.575135],[-58.480971,-34.565674],[-58.472822,-34.575487],[-58.488547,-34.584501],[-58.499864,-34.575135]]],"type":"Polygon"},"properties":{"id":"f9d8a26a-de9d-482e-97f4-cdf8f3a61919","barrio":"Villa Urquiza","pinLocation":"{\"lat\":-34.5782446416975,\"lng\":-58.487510759483015}","barrio_cleaned":"villaurquiza"}},{"type":"Feature","geometry":{"coordinates":[[[-58.4759,-34.631852],[-58.430387,-34.622212],[-58.481209,-34.620069],[-58.479296,-34.626968],[-58.4759,-34.631852]]],"type":"Polygon"},"properties":{"id":"082f1a7a-a303-424b-8afe-cb0eb9d145e9","barrio":"Flores","pinLocation":"{\"lat\":-34.62707616091927,\"lng\":-58.466112746754135}","barrio_cleaned":"flores"}},{"type":"Feature","geometry":{"coordinates":[[[-58.426763,-34.627003],[-58.429256,-34.615141],[-58.430013,-34.615408],[-58.43067,-34.605971],[-58.433328,-34.602696],[-58.446268,-34.60764],[-58.459429,-34.613906],[-58.451585,-34.630627],[-58.426763,-34.627003]]],"type":"Polygon"},"properties":{"id":"a6780c0a-9f6c-45f0-ae36-cba474399465","barrio":"Caballito","pinLocation":"{\"lat\":-34.61462708242759,\"lng\":-58.446173319410235}","barrio_cleaned":"caballito"}},{"type":"Feature","geometry":{"coordinates":[[[-58.449704,-34.593857],[-58.441263,-34.580556],[-58.453671,-34.575986],[-58.471517,-34.599604],[-58.468129,-34.595367],[-58.449704,-34.593857]]],"type":"Polygon"},"properties":{"id":"ff91b92f-b5ad-4ffe-806b-b5a6259e654e","barrio":"Chacarita","pinLocation":"{\"lat\":-34.58313813850132,\"lng\":-58.45338572257505}","barrio_cleaned":"chacarita"}},{"type":"Feature","geometry":{"coordinates":[[[-58.4777,-34.622218],[-58.47279,-34.619922],[-58.464868,-34.615986],[-58.459414,-34.613846],[-58.453881,-34.625683],[-58.451513,-34.630636],[-58.454358,-34.631542],[-58.451961,-34.636168],[-58.444111,-34.64283],[-58.442959,-34.641906],[-58.437367,-34.647338],[-58.434924,-34.646253],[-58.430369,-34.649813],[-58.438099,-34.655471],[-58.443191,-34.651319],[-58.453132,-34.651028],[-58.459361,-34.656106],[-58.460221,-34.657046],[-58.466535,-34.651685],[-58.46228,-34.646557],[-58.46608,-34.643668],[-58.469034,-34.641124],[-58.4714,-34.63635],[-58.47226,-34.634563],[-58.4777,-34.622218]]],"type":"Polygon"},"properties":{"id":"55ecb9dc-009d-46c5-96d3-a9dbc93cabbe","barrio":"Flores","pinLocation":"{\"lat\":-34.619832355793925,\"lng\":-58.46828887229431}","barrio_cleaned":"flores"}},{"type":"Feature","geometry":{"coordinates":[[[-58.415998,-34.645777],[-58.416294,-34.63763],[-58.40518,-34.62962],[-58.391207,-34.627168],[-58.389727,-34.642936],[-58.398819,-34.647098],[-58.415301,-34.649597],[-58.415998,-34.645777]]],"type":"Polygon"},"properties":{"id":"6d3babd9-0151-4608-9a67-5f4a4fedb3f6","barrio":"Parque Patricios","pinLocation":"{\"lat\":-34.635917258680564,\"lng\":-58.39895842015365}","barrio_cleaned":"parquepatricios"}},{"type":"Feature","geometry":{"coordinates":[[[-58.501353,-34.67383],[-58.461743,-34.70478],[-58.434669,-34.673775],[-58.449946,-34.664223],[-58.458122,-34.672886],[-58.479496,-34.65769],[-58.501353,-34.67383]]],"type":"Polygon"},"properties":{"id":"3039e2ba-c0ae-4b45-8d01-ceb819f731d2","barrio":"Villa Lugano","pinLocation":"{\"lat\":-34.67963277858028,\"lng\":-58.4736621325126}","barrio_cleaned":"villalugano"}},{"type":"Feature","geometry":{"coordinates":[[[-58.431144,-34.575759],[-58.440459,-34.586437],[-58.431327,-34.599668],[-58.410139,-34.599368],[-58.407034,-34.593804],[-58.407765,-34.586737],[-58.422925,-34.580121],[-58.431144,-34.575759]]],"type":"Polygon"},"properties":{"id":"4be16442-8ce8-4597-9145-9693264972c3","barrio":"Palermo","pinLocation":"{\"lat\":-34.59080995887293,\"lng\":-58.41279889972168}","barrio_cleaned":"palermo"}},{"type":"Feature","geometry":{"coordinates":[[[-58.405511,-34.580785],[-58.42323,-34.597444],[-58.450908,-34.582018],[-58.445432,-34.57031],[-58.436562,-34.563657],[-58.405511,-34.580785]]],"type":"Polygon"},"properties":{"id":"b3989e68-97a1-44d4-a309-de23b485be9d","barrio":"Palermo","pinLocation":"{\"lat\":-34.58161129431583,\"lng\":-58.42235106627247}","barrio_cleaned":"palermo"}},{"type":"Feature","geometry":{"coordinates":[[[-58.442084,-34.547831],[-58.451017,-34.552936],[-58.445361,-34.559525],[-58.435164,-34.55374],[-58.439299,-34.549013],[-58.442084,-34.547831]]],"type":"Polygon"},"properties":{"id":"4fdb4bdb-b2ac-4101-b3a0-a57714953aab","barrio":"Bajo Belgrano","pinLocation":"{\"lat\":-34.55318372180487,\"lng\":-58.44659891723394}","barrio_cleaned":"bajobelgrano"}},{"type":"Feature","geometry":{"coordinates":[[[-58.444984,-34.60271],[-58.434255,-34.596705],[-58.425972,-34.604088],[-58.432882,-34.608291],[-58.444984,-34.60271]]],"type":"Polygon"},"properties":{"id":"7cbb6048-6534-4375-80e1-7b94bc444c62","barrio":"Villa Crespo","pinLocation":"{\"lat\":-34.6037,\"lng\":-58.437}","barrio_cleaned":"villacrespo"}},{"type":"Feature","geometry":{"coordinates":[[[-58.450265,-34.618802],[-58.449121,-34.622136],[-58.44812,-34.623312],[-58.446738,-34.627705],[-58.433869,-34.62598],[-58.434631,-34.622842],[-58.436204,-34.618213],[-58.437539,-34.613977],[-58.440685,-34.614957],[-58.443435,-34.616615],[-58.445628,-34.617361],[-58.447658,-34.617714],[-58.450265,-34.618802]]],"type":"Polygon"},"properties":{"id":"afb64bd5-d3e4-4dc5-856a-ef7ab22af71a","barrio":"Primera Junta","pinLocation":"{\"lat\":-34.62046129576267,\"lng\":-58.44140543890333}","barrio_cleaned":"primerajunta"}},{"type":"Feature","geometry":{"coordinates":[[[-58.450847,-34.553306],[-58.443208,-34.561046],[-58.435383,-34.553658],[-58.441806,-34.548266],[-58.450847,-34.553306]]],"type":"Polygon"},"properties":{"id":"0eb15c9d-5d19-434a-b51a-25226ae46c82","barrio":"Bajo Belgrano","pinLocation":"{\"lat\":-34.55340993697084,\"lng\":-58.44410595203263}","barrio_cleaned":"bajobelgrano"}},{"type":"Feature","geometry":{"coordinates":[[[-58.404946,-34.593342],[-58.390355,-34.583835],[-58.41169,-34.571643],[-58.420888,-34.58164],[-58.404946,-34.593342]]],"type":"Polygon"},"properties":{"id":"c1e8125c-e36e-4952-ad7b-7764499fafe3","barrio":"Barrio Norte","pinLocation":"{\"lat\":-34.58228366006092,\"lng\":-58.401509719077325}","barrio_cleaned":"barrionorte"}},{"type":"Feature","geometry":{"coordinates":[[[-58.442362,-34.562189],[-58.439412,-34.566315],[-58.435899,-34.570348],[-58.43308,-34.572499],[-58.431264,-34.574393],[-58.429623,-34.567492],[-58.433475,-34.565093],[-58.437755,-34.563148],[-58.442362,-34.562189]]],"type":"Polygon"},"properties":{"id":"972720ef-4989-4950-a156-827391d35365","barrio":"Las Cañitas","pinLocation":"{\"lat\":-34.56371504130265,\"lng\":-58.44024923665829}","barrio_cleaned":"lascanitas"}},{"type":"Feature","geometry":{"coordinates":[[[-58.458405,-34.604707],[-58.463608,-34.608255],[-58.453958,-34.625406],[-58.445961,-34.622738],[-58.442716,-34.628937],[-58.42695,-34.626992],[-58.42905,-34.615005],[-58.4306,-34.608651],[-58.441936,-34.608511],[-58.458405,-34.604707]]],"type":"Polygon"},"properties":{"id":"5bf6e426-d875-4a8b-96ac-497fbefdc0d1","barrio":"Caballito","pinLocation":"{\"lat\":-34.60746612949671,\"lng\":-58.460214875006955}","barrio_cleaned":"caballito"}},{"type":"Feature","geometry":{"coordinates":[[[-58.381933,-34.598964],[-58.381866,-34.588545],[-58.401786,-34.57906],[-58.415937,-34.597364],[-58.405628,-34.598137],[-58.401283,-34.599633],[-58.381933,-34.598964]]],"type":"Polygon"},"properties":{"id":"f84d6b11-1fde-44f3-bac4-61a2fc31fa1b","barrio":"Recoleta","pinLocation":"{\"lat\":-34.59084298862194,\"lng\":-58.40461469572283}","barrio_cleaned":"recoleta"}},{"type":"Feature","geometry":{"coordinates":[[[-58.436461,-34.586141],[-58.433676,-34.592438],[-58.425503,-34.59213],[-58.426729,-34.585597],[-58.431871,-34.584083],[-58.436461,-34.586141]]],"type":"Polygon"},"properties":{"id":"0d3ceba6-52f9-4357-9a7e-50a704d4e60f","barrio":"Palermo Soho","pinLocation":"{\"lat\":-34.59024201686115,\"lng\":-58.43187901506896}","barrio_cleaned":"palermosoho"}},{"type":"Feature","geometry":{"coordinates":[[[-58.49168,-34.561146],[-58.495952,-34.558898],[-58.499842,-34.551047],[-58.497451,-34.548702],[-58.485442,-34.543161],[-58.47606,-34.539659],[-58.472853,-34.545156],[-58.46961,-34.548288],[-58.46876,-34.550642],[-58.474305,-34.553052],[-58.477439,-34.555432],[-58.47926,-34.557383],[-58.485341,-34.559998],[-58.488013,-34.562236],[-58.49168,-34.561146]]],"type":"Polygon"},"properties":{"id":"c55688f1-b797-418d-97bd-948a713f5f1f","barrio":"Saavedra","pinLocation":"{\"lat\":-34.5566466897922,\"lng\":-58.48130764555005}","barrio_cleaned":"saavedra"}},{"type":"Feature","geometry":{"coordinates":[[[-58.427616,-34.622364],[-58.412573,-34.620882],[-58.414701,-34.610729],[-58.411893,-34.597931],[-58.422958,-34.597862],[-58.432022,-34.602082],[-58.427616,-34.622364]]],"type":"Polygon"},"properties":{"id":"23d4fe97-39c4-4b8f-be1d-38f7ee2dbfb7","barrio":"Almagro","pinLocation":"{\"lat\":-34.61293714903232,\"lng\":-58.42251856011411}","barrio_cleaned":"almagro"}},{"type":"Feature","geometry":{"coordinates":[[[-58.450395,-34.543344],[-58.454246,-34.549285],[-58.442772,-34.56214],[-58.436061,-34.5639],[-58.430604,-34.561575],[-58.450395,-34.543344]]],"type":"Polygon"},"properties":{"id":"92cdd95d-4515-42eb-8a34-4c6dd6c4f76b","barrio":"Bajo Belgrano","pinLocation":"{\"lat\":-34.55067037441125,\"lng\":-58.44357297790634}","barrio_cleaned":"bajobelgrano"}},{"type":"Feature","geometry":{"coordinates":[[[-58.446934,-34.605061],[-58.438548,-34.599934],[-58.430286,-34.602423],[-58.43005,-34.61103],[-58.435966,-34.613266],[-58.438848,-34.605869],[-58.44577,-34.607443],[-58.446934,-34.605061]]],"type":"Polygon"},"properties":{"id":"df169bda-adce-4430-b619-978eeade7f4f","barrio":"Parque Centenario","pinLocation":"{\"lat\":-34.60311357135368,\"lng\":-58.43226549755883}","barrio_cleaned":"parquecentenario"}},{"type":"Feature","geometry":{"coordinates":[[[-58.382703,-34.595425],[-58.381223,-34.588944],[-58.40477,-34.580476],[-58.410084,-34.58922],[-58.405313,-34.593385],[-58.396099,-34.595912],[-58.382703,-34.595425]]],"type":"Polygon"},"properties":{"id":"f295863c-6965-4e13-a4c4-9ade6c658a12","barrio":"Recoleta","pinLocation":"{\"lat\":-34.59571423008209,\"lng\":-58.39408699886799}","barrio_cleaned":"recoleta"}},{"type":"Feature","geometry":{"coordinates":[[[-58.452024,-34.582438],[-58.452129,-34.582609],[-58.451888,-34.582753],[-58.451654,-34.582595],[-58.452024,-34.582438]]],"type":"Polygon"},"properties":{"id":"8956b0d9-015f-4555-b193-f8cc3b9967c9","barrio":"Chacarita","pinLocation":"{\"lat\":-34.58261892618285,\"lng\":-58.45185651589554}","barrio_cleaned":"chacarita"}},{"type":"Feature","geometry":{"coordinates":[[[-58.51671,-34.661953],[-58.513005,-34.659704],[-58.509035,-34.656947],[-58.504407,-34.653613],[-58.501111,-34.651248],[-58.498818,-34.648127],[-58.495478,-34.645156],[-58.487056,-34.646547],[-58.470564,-34.655031],[-58.477303,-34.66985],[-58.485954,-34.684091],[-58.51671,-34.661953]]],"type":"Polygon"},"properties":{"id":"b673d36e-2535-4aff-a8b7-89b72b3d616d","barrio":"Mataderos","pinLocation":"{\"lat\":-34.651188067979284,\"lng\":-58.493197511526034}","barrio_cleaned":"mataderos"}},{"type":"Feature","geometry":{"coordinates":[[[-58.525187,-34.656643],[-58.497035,-34.643424],[-58.478784,-34.65783],[-58.501536,-34.673977],[-58.525187,-34.656643]]],"type":"Polygon"},"properties":{"id":"7da123ff-75d9-4f50-adce-5341f695e808","barrio":"Mataderos","pinLocation":"{\"lat\":-34.64861850220186,\"lng\":-58.49538356924266}","barrio_cleaned":"mataderos"}},{"type":"Feature","geometry":{"coordinates":[[[-58.495845,-34.614263],[-58.506874,-34.601657],[-58.497458,-34.596833],[-58.4834,-34.597945],[-58.483069,-34.608791],[-58.494669,-34.612133],[-58.496494,-34.613053],[-58.495845,-34.614263]]],"type":"Polygon"},"properties":{"id":"67637ebe-e89c-41c0-8ba8-3bb8b7368a6c","barrio":"Villa del Parque","pinLocation":"{\"lat\":-34.60997163782338,\"lng\":-58.49460001906792}","barrio_cleaned":"villadelparque"}},{"type":"Feature","geometry":{"coordinates":[[[-58.431621,-34.574348],[-58.424255,-34.571126],[-58.43651,-34.564007],[-58.439213,-34.566057],[-58.431621,-34.574348]]],"type":"Polygon"},"properties":{"id":"0c54aa7e-6388-4ce3-9b35-34ac3a1bb34d","barrio":"Las Cañitas","pinLocation":"{\"lat\":-34.569466757284125,\"lng\":-58.4334339557835}","barrio_cleaned":"lascanitas"}},{"type":"Feature","geometry":{"coordinates":[[[-58.453076,-34.621794],[-58.459147,-34.62387],[-58.46492,-34.616154],[-58.459695,-34.607567],[-58.466977,-34.610886],[-58.454636,-34.614629],[-58.453076,-34.621794]]],"type":"Polygon"},"properties":{"id":"41f20ddd-1a81-402d-8320-567c37d6eaed","barrio":"Flores","pinLocation":"{\"lat\":-34.6200535197393,\"lng\":-58.45559326568467}","barrio_cleaned":"flores"}},{"type":"Feature","geometry":{"coordinates":[[[-58.417127,-34.563006],[-58.431342,-34.574477],[-58.444863,-34.583378],[-58.411217,-34.596113],[-58.396599,-34.581426],[-58.417127,-34.563006]]],"type":"Polygon"},"properties":{"id":"c5714091-e866-4773-b40b-c4d2c887d967","barrio":"Palermo","pinLocation":"{\"lat\":-34.58300697734296,\"lng\":-58.412651895470276}","barrio_cleaned":"palermo"}},{"type":"Feature","geometry":{"coordinates":[[[-58.41969,-34.59615],[-58.416927,-34.591123],[-58.411692,-34.586574],[-58.405294,-34.582863],[-58.404131,-34.5758],[-58.402241,-34.567658],[-58.408784,-34.559036],[-58.416636,-34.556402],[-58.428414,-34.560234],[-58.438447,-34.566221],[-58.437575,-34.575201],[-58.431613,-34.578074],[-58.434812,-34.582983],[-58.438447,-34.588968],[-58.429432,-34.594834],[-58.41969,-34.59615]]],"type":"Polygon"},"properties":{"id":"a94687ae-2204-412b-868c-9e33b9bf997b","barrio":"Palermo","pinLocation":"{\"lat\":-34.583627461757935,\"lng\":-58.41486034101426}","barrio_cleaned":"palermo"}},{"type":"Feature","geometry":{"coordinates":[[[-58.423946,-34.570691],[-58.431896,-34.574477],[-58.440313,-34.565172],[-58.437585,-34.562925],[-58.423946,-34.570691]]],"type":"Polygon"},"properties":{"id":"33f3a90b-4cca-477f-9050-39212cf58e7b","barrio":"Las Cañitas","pinLocation":"{\"lat\":-34.5682724733659,\"lng\":-58.43564629855044}","barrio_cleaned":"lascanitas"}},{"type":"Feature","geometry":{"coordinates":[[[-58.406103,-34.588036],[-58.401554,-34.582136],[-58.381656,-34.588853],[-58.382001,-34.595287],[-58.406103,-34.588036]]],"type":"Polygon"},"properties":{"id":"dda0b70e-6e3c-4ef4-97c1-74bce2a894f8","barrio":"Barrio Norte","pinLocation":"{\"lat\":-34.588454118651924,\"lng\":-58.40075539809855}","barrio_cleaned":"barrionorte"}},{"type":"Feature","geometry":{"coordinates":[[[-58.406006,-34.583213],[-58.410988,-34.591521],[-58.402719,-34.595579],[-58.396907,-34.599733],[-58.386815,-34.599575],[-58.389518,-34.594043],[-58.400313,-34.587891],[-58.39993,-34.585787],[-58.406006,-34.583213]]],"type":"Polygon"},"properties":{"id":"35b77006-3938-4c83-96ff-ba15e37c88d2","barrio":"Barrio Norte","pinLocation":"{\"lat\":-34.58604092436786,\"lng\":-58.402222782686934}","barrio_cleaned":"barrionorte"}},{"type":"Feature","geometry":{"coordinates":[[[-58.40553,-34.582908],[-58.419323,-34.607714],[-58.43919,-34.600137],[-58.43011,-34.593553],[-58.439055,-34.587519],[-58.447433,-34.582886],[-58.437428,-34.573953],[-58.424819,-34.552699],[-58.413025,-34.55363],[-58.39969,-34.56245],[-58.396494,-34.574889],[-58.40553,-34.582908]]],"type":"Polygon"},"properties":{"id":"cfcc84ab-69f5-4a6e-b48a-a958a33842f6","barrio":"Palermo","pinLocation":"{\"lat\":-34.59018772330805,\"lng\":-58.41144437170466}","barrio_cleaned":"palermo"}},{"type":"Feature","geometry":{"coordinates":[[[-58.458844,-34.604384],[-58.468923,-34.601879],[-58.474021,-34.605304],[-58.47748,-34.60084],[-58.476461,-34.600209],[-58.478852,-34.599689],[-58.477863,-34.59699],[-58.475733,-34.591298],[-58.470876,-34.587495],[-58.46445,-34.592627],[-58.465407,-34.596398],[-58.463689,-34.596421],[-58.459203,-34.596693],[-58.458068,-34.596938],[-58.456278,-34.59763],[-58.458154,-34.603759],[-58.458844,-34.604384]]],"type":"Polygon"},"properties":{"id":"28240c26-ae76-4284-a52c-eef4df2b63ba","barrio":"La Paternal","pinLocation":"{\"lat\":-34.6020992820677,\"lng\":-58.4652240948584}","barrio_cleaned":"lapaternal"}},{"type":"Feature","geometry":{"coordinates":[[[-58.379177,-34.583887],[-58.381138,-34.600398],[-58.366835,-34.599348],[-58.370998,-34.589453],[-58.381339,-34.590725],[-58.381473,-34.593765],[-58.372677,-34.585362],[-58.371267,-34.587297],[-58.370528,-34.589619],[-58.3806,-34.587905],[-58.379177,-34.583887]]],"type":"Polygon"},"properties":{"id":"0bdc080a-7964-40de-b6d5-9f14f04ea44e","barrio":"Retiro","pinLocation":"{\"lat\":-34.59623581590686,\"lng\":-58.37771118885405}","barrio_cleaned":"retiro"}},{"type":"Feature","geometry":{"coordinates":[[[-58.486013,-34.558544],[-58.476933,-34.569028],[-58.465502,-34.562472],[-58.479308,-34.557123],[-58.486013,-34.558544]]],"type":"Polygon"},"properties":{"id":"2353d4d4-7683-477c-9fde-11791ba10941","barrio":"Coghlan","pinLocation":"{\"lat\":-34.56800305665535,\"lng\":-58.47656543280267}","barrio_cleaned":"coghlan"}},{"type":"Feature","geometry":{"coordinates":[[[-58.430073,-34.602495],[-58.438845,-34.60054],[-58.442497,-34.606157],[-58.440581,-34.611859],[-58.430582,-34.611512],[-58.430073,-34.602495]]],"type":"Polygon"},"properties":{"id":"e4ba28c9-3f4f-41ab-a4ef-5fb040cbdeee","barrio":"Parque Centenario","pinLocation":"{\"lat\":-34.60756393671318,\"lng\":-58.43057767394086}","barrio_cleaned":"parquecentenario"}},{"type":"Feature","geometry":{"coordinates":[[[-58.460489,-34.564159],[-58.445385,-34.558052],[-58.450088,-34.551869],[-58.464781,-34.560494],[-58.460489,-34.564159]]],"type":"Polygon"},"properties":{"id":"e28277c7-b62e-41f1-8afe-0d8f1b2b3ed5","barrio":"Belgrano C","pinLocation":"{\"lat\":-34.55800892224643,\"lng\":-58.45187081430775}","barrio_cleaned":"belgranoc"}},{"type":"Feature","geometry":{"coordinates":[[[-58.38368,-34.588303],[-58.381448,-34.588692],[-58.379088,-34.590211],[-58.376213,-34.591624],[-58.375569,-34.59339],[-58.377758,-34.594415],[-58.379431,-34.595404],[-58.38235,-34.595369],[-58.384066,-34.595334],[-58.384967,-34.59339],[-58.38501,-34.591942],[-58.38368,-34.588303]]],"type":"Polygon"},"properties":{"id":"0133bc56-ac70-4412-b4eb-f8567804051b","barrio":"Retiro","pinLocation":"{\"lng\":-58.37846603315252,\"lat\":-34.592326492304245}","barrio_cleaned":"retiro"}},{"type":"Feature","geometry":{"coordinates":[[[-58.509405,-34.569732],[-58.514818,-34.581335],[-58.50346,-34.593916],[-58.4888,-34.584812],[-58.48976,-34.584084],[-58.509405,-34.569732]]],"type":"Polygon"},"properties":{"id":"0d4d5762-27ed-496f-b2c7-1324df1ece35","barrio":"Villa Pueyrredón","pinLocation":"{\"lat\":-34.58262772905033,\"lng\":-58.50746212359134}","barrio_cleaned":"villapueyrredon"}},{"type":"Feature","geometry":{"coordinates":[[[-58.386849,-34.59266],[-58.380304,-34.581501],[-58.370882,-34.594423],[-58.386849,-34.59266]]],"type":"Polygon"},"properties":{"id":"66d22f66-d8da-441c-ba0c-4f70b683bc87","barrio":"Retiro","pinLocation":"{\"lat\":-34.59147542803231,\"lng\":-58.376507828468235}","barrio_cleaned":"retiro"}},{"type":"Feature","geometry":{"coordinates":[[[-58.381018,-34.61729],[-58.391369,-34.617889],[-58.390239,-34.633943],[-58.381468,-34.630888],[-58.381018,-34.61729]]],"type":"Polygon"},"properties":{"id":"0996ad09-6b0b-4ae1-bbfd-bbf2b70488b0","barrio":"Constitución","pinLocation":"{\"lat\":-34.624250546335105,\"lng\":-58.38288975025489}","barrio_cleaned":"constitucion"}},{"type":"Feature","geometry":{"coordinates":[[[-58.406772,-34.603228],[-58.412823,-34.601532],[-58.41424,-34.60895],[-58.398919,-34.607254],[-58.400271,-34.603221],[-58.406772,-34.603228]]],"type":"Polygon"},"properties":{"id":"2ecebf2c-67c3-48f0-b385-d12abf3b474d","barrio":"Balvanera","pinLocation":"{\"lat\":-34.60349247778486,\"lng\":-58.4063860989812}","barrio_cleaned":"balvanera"}},{"type":"Feature","geometry":{"coordinates":[[[-58.496041,-34.577736],[-58.482469,-34.571692],[-58.490936,-34.56138],[-58.502638,-34.566683],[-58.496041,-34.577736]]],"type":"Polygon"},"properties":{"id":"2b5f82e7-a1a7-492e-a13b-3b8c6425b9f3","barrio":"Villa Urquiza","pinLocation":"{\"lat\":-34.57032895624933,\"lng\":-58.486909565961184}","barrio_cleaned":"villaurquiza"}},{"type":"Feature","geometry":{"coordinates":[[[-58.397276,-34.587638],[-58.401489,-34.583965],[-58.405981,-34.58379],[-58.409798,-34.589024],[-58.402583,-34.594433],[-58.397276,-34.587638]]],"type":"Polygon"},"properties":{"id":"e7e6082e-908f-4b01-b41f-c143b6602a9b","barrio":"Barrio Norte","pinLocation":"{\"lat\":-34.59008025476003,\"lng\":-58.402903142798735}","barrio_cleaned":"barrionorte"}},{"type":"Feature","geometry":{"coordinates":[[[-58.474196,-34.620561],[-58.479365,-34.623171],[-58.492309,-34.612956],[-58.488758,-34.610112],[-58.483495,-34.608833],[-58.474196,-34.620561]]],"type":"Polygon"},"properties":{"id":"2c6d330a-18fe-4bf5-8aca-97ae80a75767","barrio":"Villa Santa Rita","pinLocation":"{\"lat\":-34.621807247227785,\"lng\":-58.47945446971906}","barrio_cleaned":"villasantarita"}},{"type":"Feature","geometry":{"coordinates":[[[-58.451462,-34.630444],[-58.463166,-34.607811],[-58.45084,-34.599616],[-58.432228,-34.605131],[-58.426892,-34.626833],[-58.451462,-34.630444]]],"type":"Polygon"},"properties":{"id":"2f2503fe-934c-42ce-9f5c-aa60740663e8","barrio":"Caballito","pinLocation":"{\"lat\":-34.616528058818965,\"lng\":-58.457029281389836}","barrio_cleaned":"caballito"}},{"type":"Feature","geometry":{"coordinates":[[[-58.414593,-34.597629],[-58.402733,-34.581375],[-58.41621,-34.562786],[-58.446332,-34.58376],[-58.414593,-34.597629]]],"type":"Polygon"},"properties":{"id":"b752dcb9-0738-4812-93d3-940522f69a3f","barrio":"Palermo","pinLocation":"{\"lat\":-34.591263515608595,\"lng\":-58.41078000347116}","barrio_cleaned":"palermo"}},{"type":"Feature","geometry":{"coordinates":[[[-58.437729,-34.567697],[-58.433653,-34.572892],[-58.443952,-34.583351],[-58.427258,-34.592678],[-58.414542,-34.594027],[-58.404886,-34.580425],[-58.399136,-34.582297],[-58.396389,-34.578022],[-58.413207,-34.572105],[-58.413466,-34.564407],[-58.427396,-34.559816],[-58.437729,-34.567697]]],"type":"Polygon"},"properties":{"id":"54663802-5287-4467-b87c-d712f8f0225b","barrio":"Palermo","pinLocation":"{\"lat\":-34.582531388980904,\"lng\":-58.42069213895128}","barrio_cleaned":"palermo"}},{"type":"Feature","geometry":{"coordinates":[[[-58.436485,-34.56369],[-58.439362,-34.56599],[-58.437965,-34.56717],[-58.437356,-34.56836],[-58.431557,-34.574557],[-58.427398,-34.573097],[-58.424342,-34.571023],[-58.436485,-34.56369]]],"type":"Polygon"},"properties":{"id":"a14cac8c-f5f1-485a-b660-486356f0ac55","barrio":"Las Cañitas","pinLocation":"{\"lat\":-34.568272382900254,\"lng\":-58.43426976525406}","barrio_cleaned":"lascanitas"}},{"type":"Feature","geometry":{"coordinates":[[[-58.41251,-34.620642],[-58.427772,-34.622095],[-58.429266,-34.615145],[-58.430026,-34.615483],[-58.430676,-34.605973],[-58.433224,-34.602708],[-58.432161,-34.602068],[-58.4292,-34.598993],[-58.427957,-34.598434],[-58.426531,-34.597919],[-58.423358,-34.597811],[-58.411917,-34.598035],[-58.41405,-34.607885],[-58.414632,-34.608214],[-58.414554,-34.609403],[-58.414458,-34.610761],[-58.413405,-34.61265],[-58.412844,-34.614136],[-58.41251,-34.620642]]],"type":"Polygon"},"properties":{"id":"217e36f8-b0ec-4db3-8e13-2deebc813bdc","barrio":"Almagro","pinLocation":"{\"lat\":-34.60338644148893,\"lng\":-58.42724244391236}","barrio_cleaned":"almagro"}},{"type":"Feature","geometry":{"coordinates":[[[-58.444158,-34.536262],[-58.454415,-34.549094],[-58.453084,-34.550543],[-58.450982,-34.55284],[-58.453127,-34.550543],[-58.467118,-34.557859],[-58.464371,-34.560969],[-58.471366,-34.565281],[-58.474197,-34.567259],[-58.469066,-34.573576],[-58.465827,-34.576499],[-58.463417,-34.575048],[-58.462354,-34.574259],[-58.459918,-34.57571],[-58.459685,-34.574707],[-58.454813,-34.568689],[-58.453776,-34.569052],[-58.451781,-34.566491],[-58.44481,-34.570012],[-58.436387,-34.563546],[-58.443309,-34.561718],[-58.436502,-34.56357],[-58.445118,-34.55953],[-58.426221,-34.548224],[-58.441459,-34.536051],[-58.444158,-34.536262]]],"type":"Polygon"},"properties":{"id":"0cdf8d72-2a04-498c-8e32-0427eac29f48","barrio":"Belgrano","pinLocation":"{\"lat\":-34.56497857653377,\"lng\":-58.45183992840296}","barrio_cleaned":"belgrano"}},{"type":"Feature","geometry":{"coordinates":[[[-58.506104,-34.614078],[-58.511916,-34.617367],[-58.494213,-34.62462],[-58.498088,-34.627788],[-58.49404,-34.62466],[-58.506104,-34.614078]]],"type":"Polygon"},"properties":{"id":"71ed7b5f-3033-468a-86eb-495155fcca5e","barrio":"Monte Castro","pinLocation":"{\"lat\":-34.61906272011128,\"lng\":-58.505503214686044}","barrio_cleaned":"montecastro"}},{"type":"Feature","geometry":{"coordinates":[[[-58.437399,-34.576515],[-58.445554,-34.571495],[-58.447012,-34.573344],[-58.457176,-34.56989],[-58.460049,-34.577963],[-58.444441,-34.583113],[-58.437399,-34.576515]]],"type":"Polygon"},"properties":{"id":"84b5f46b-ca55-4762-b96e-8c5af5b78a69","barrio":"Colegiales","pinLocation":"{\"lat\":-34.579914156688716,\"lng\":-58.447120319658055}","barrio_cleaned":"colegiales"}},{"type":"Feature","geometry":{"coordinates":[[[-58.410132,-34.5884],[-58.404469,-34.580248],[-58.388683,-34.585015],[-58.381945,-34.588895],[-58.382008,-34.595901],[-58.395548,-34.596421],[-58.404627,-34.593218],[-58.410132,-34.5884]]],"type":"Polygon"},"properties":{"id":"1aeaefc7-0a12-4bc5-b65d-98f430c43a4f","barrio":"Recoleta","pinLocation":"{\"lat\":-34.58832183543318,\"lng\":-58.40433523847037}","barrio_cleaned":"recoleta"}},{"type":"Feature","geometry":{"coordinates":[[[-58.438213,-34.588661],[-58.445134,-34.584652],[-58.443403,-34.581433],[-58.435457,-34.575155],[-58.426456,-34.577559],[-58.428122,-34.580514],[-58.438213,-34.588661]]],"type":"Polygon"},"properties":{"id":"dabd7866-c139-47b5-b475-96fd9db961d0","barrio":"Palermo Hollywood","pinLocation":"{\"lat\":-34.5857193748812,\"lng\":-58.44179015746205}","barrio_cleaned":"palermohollywood"}},{"type":"Feature","geometry":{"coordinates":[[[-58.387306,-34.613579],[-58.387695,-34.606255],[-58.399744,-34.607306],[-58.399833,-34.615709],[-58.400054,-34.607212],[-58.399768,-34.615893],[-58.387306,-34.613579]]],"type":"Polygon"},"properties":{"id":"8c4a797b-943e-48b5-bfa4-c95bfd00d60b","barrio":"Congreso","pinLocation":"{\"lat\":-34.61334490936001,\"lng\":-58.3903323993047}","barrio_cleaned":"congreso"}},{"type":"Feature","geometry":{"coordinates":[[[-58.435796,-34.565415],[-58.442892,-34.570227],[-58.444581,-34.581463],[-58.444529,-34.590191],[-58.44089,-34.594428],[-58.431018,-34.596473],[-58.421526,-34.596932],[-58.414954,-34.59461],[-58.408109,-34.590871],[-58.40233,-34.584719],[-58.398148,-34.580568],[-58.39774,-34.573237],[-58.402402,-34.569671],[-58.408989,-34.563616],[-58.417606,-34.558705],[-58.426302,-34.560121],[-58.435796,-34.565415]]],"type":"Polygon"},"properties":{"id":"f251a30c-9b01-40aa-b016-5e57e0d9230a","barrio":"Palermo","pinLocation":"{\"lat\":-34.57506861501633,\"lng\":-58.42217855874242}","barrio_cleaned":"palermo"}},{"type":"Feature","geometry":{"coordinates":[[[-58.459505,-34.614131],[-58.445512,-34.60759],[-58.440531,-34.615835],[-58.431183,-34.61367],[-58.429224,-34.618737],[-58.435997,-34.620211],[-58.432527,-34.634213],[-58.445904,-34.636654],[-58.453897,-34.625392],[-58.459505,-34.614131]]],"type":"Polygon"},"properties":{"id":"253e7b9e-11e9-42f0-a98c-ff1941aa374c","barrio":"Caballito","pinLocation":"{\"lat\":-34.62257635364033,\"lng\":-58.44207134289624}","barrio_cleaned":"caballito"}},{"type":"Feature","geometry":{"coordinates":[[[-58.394708,-34.661818],[-58.39552,-34.648687],[-58.397034,-34.644652],[-58.391205,-34.642027],[-58.391472,-34.640803],[-58.389854,-34.640251],[-58.390123,-34.633826],[-58.383308,-34.632155],[-58.381241,-34.631038],[-58.377494,-34.628466],[-58.374515,-34.626664],[-58.37048,-34.626469],[-58.370495,-34.629451],[-58.367428,-34.650205],[-58.369517,-34.652366],[-58.370563,-34.654692],[-58.394708,-34.661818]]],"type":"Polygon"},"properties":{"id":"b17bc683-67fc-4812-b1ce-e87f09339d6d","barrio":"Barracas","pinLocation":"{\"lat\":-34.65020400157536,\"lng\":-58.38137848862152}","barrio_cleaned":"barracas"}},{"type":"Feature","geometry":{"coordinates":[[[-58.435729,-34.575378],[-58.452773,-34.565658],[-58.468532,-34.57808],[-58.443685,-34.583523],[-58.435729,-34.575378]]],"type":"Polygon"},"properties":{"id":"34e144f5-6d85-4034-90e8-cc490e1f5bf5","barrio":"Colegiales","pinLocation":"{\"lat\":-34.574390703411666,\"lng\":-58.459562531654754}","barrio_cleaned":"colegiales"}},{"type":"Feature","geometry":{"coordinates":[[[-58.445265,-34.561234],[-58.436897,-34.563672],[-58.42947,-34.567807],[-58.424413,-34.570493],[-58.431243,-34.574643],[-58.445265,-34.561234]]],"type":"Polygon"},"properties":{"id":"aa3e83c7-72bc-4b66-bc11-c1c79372c555","barrio":"Las Cañitas","pinLocation":"{\"lat\":-34.56872666624478,\"lng\":-58.43425244864393}","barrio_cleaned":"lascanitas"}},{"type":"Feature","geometry":{"coordinates":[[[-58.4595,-34.613892],[-58.44061,-34.603175],[-58.430047,-34.603984],[-58.426476,-34.626535],[-58.451715,-34.631042],[-58.4595,-34.613892]]],"type":"Polygon"},"properties":{"id":"f114a616-402e-4e82-9ae0-3bb1cd5c155b","barrio":"Caballito","pinLocation":"{\"lat\":-34.61496261251447,\"lng\":-58.443938243325036}","barrio_cleaned":"caballito"}},{"type":"Feature","geometry":{"coordinates":[[[-58.410265,-34.598192],[-58.404714,-34.598149],[-58.406442,-34.604495],[-58.411845,-34.603977],[-58.410265,-34.598192]]],"type":"Polygon"},"properties":{"id":"7bdc8b9d-682a-4c12-8b4e-5a62705f1239","barrio":"Balvanera","pinLocation":"{\"lat\":-34.60410814372611,\"lng\":-58.40996862385076}","barrio_cleaned":"balvanera"}},{"type":"Feature","geometry":{"coordinates":[[[-58.502692,-34.632924],[-58.507374,-34.647154],[-58.4942,-34.652648],[-58.480943,-34.642026],[-58.493767,-34.629407],[-58.502692,-34.632924]]],"type":"Polygon"},"properties":{"id":"2aa1bff0-780c-4845-a611-0e5ddd30ff03","barrio":"Villa Luro","pinLocation":"{\"lat\":-34.63945355619389,\"lng\":-58.49534014238735}","barrio_cleaned":"villaluro"}},{"type":"Feature","geometry":{"coordinates":[[[-58.435796,-34.565415],[-58.442892,-34.570227],[-58.444581,-34.581463],[-58.444529,-34.590191],[-58.44089,-34.594428],[-58.431018,-34.596473],[-58.421526,-34.596932],[-58.414954,-34.59461],[-58.408109,-34.590871],[-58.40233,-34.584719],[-58.398148,-34.580568],[-58.39774,-34.573237],[-58.402402,-34.569671],[-58.408989,-34.563616],[-58.417606,-34.558705],[-58.426302,-34.560121],[-58.435796,-34.565415]]],"type":"Polygon"},"properties":{"id":"26e90150-5dbd-4871-98fc-9a7be1388a0f","barrio":"Palermo","pinLocation":"{\"lat\":-34.57506861501633,\"lng\":-58.42217855874242}","barrio_cleaned":"palermo"}},{"type":"Feature","geometry":{"coordinates":[[[-58.452102,-34.566009],[-58.463285,-34.574563],[-58.460133,-34.578106],[-58.443605,-34.582868],[-58.43519,-34.574789],[-58.452102,-34.566009]]],"type":"Polygon"},"properties":{"id":"d33d9d21-11ef-4a98-a551-537bd12213fc","barrio":"Colegiales","pinLocation":"{\"lat\":-34.567392616103156,\"lng\":-58.452631361823165}","barrio_cleaned":"colegiales"}},{"type":"Feature","geometry":{"coordinates":[[[-58.426578,-34.627114],[-58.451319,-34.630402],[-58.46337,-34.607823],[-58.458351,-34.604802],[-58.430376,-34.608977],[-58.426578,-34.627114]]],"type":"Polygon"},"properties":{"id":"52d381dc-a7bc-4e44-84e9-ea2e0299908b","barrio":"Caballito","pinLocation":"{\"lat\":-34.61953464728358,\"lng\":-58.42876350427652}","barrio_cleaned":"caballito"}},{"type":"Feature","geometry":{"coordinates":[[[-58.508418,-34.569225],[-58.462632,-34.555414],[-58.475733,-34.538858],[-58.500954,-34.549339],[-58.508418,-34.569225]]],"type":"Polygon"},"properties":{"id":"6b121b45-f17d-4be2-bbee-a1e6b7006438","barrio":"Saavedra","pinLocation":"{\"lat\":-34.551565973554034,\"lng\":-58.48584636040246}","barrio_cleaned":"saavedra"}},{"type":"Feature","geometry":{"coordinates":[[[-58.423982,-34.639893],[-58.426676,-34.627361],[-58.451825,-34.630751],[-58.441733,-34.643646],[-58.423982,-34.639893]]],"type":"Polygon"},"properties":{"id":"8ff85a5b-8241-40a8-a037-7c9d36f3d90a","barrio":"Parque Chacabuco","pinLocation":"{\"lat\":-34.63603804187917,\"lng\":-58.44217739612962}","barrio_cleaned":"parquechacabuco"}},{"type":"Feature","geometry":{"coordinates":[[[-58.509765,-34.52456],[-58.500564,-34.539632],[-58.492891,-34.546481],[-58.474828,-34.538957],[-58.487231,-34.516626],[-58.509765,-34.52456]]],"type":"Polygon"},"properties":{"id":"454eefa7-abdb-4387-a0d3-90b4a04a7b51","barrio":"florida","pinLocation":"{\"lat\":-34.536251429774204,\"lng\":-58.49476657788169}","barrio_cleaned":"florida"}},{"type":"Feature","geometry":{"coordinates":[[[-58.469477,-34.571474],[-58.472946,-34.567117],[-58.465831,-34.558837],[-58.450779,-34.551913],[-58.44343,-34.548474],[-58.437433,-34.555448],[-58.445664,-34.561258],[-58.436903,-34.565277],[-58.443547,-34.572152],[-58.45676,-34.568986],[-58.469477,-34.571474]]],"type":"Polygon"},"properties":{"id":"00f27fb9-55e5-4f68-bc06-23bec39b44c8","barrio":"Belgrano","pinLocation":"{\"lat\":-34.56734726562308,\"lng\":-58.45851774850834}","barrio_cleaned":"belgrano"}},{"type":"Feature","geometry":{"coordinates":[[[-58.441099,-34.564686],[-58.436606,-34.569312],[-58.431294,-34.574502],[-58.42416,-34.57134],[-58.431425,-34.567142],[-58.436635,-34.563668],[-58.439458,-34.562966],[-58.441099,-34.564686]]],"type":"Polygon"},"properties":{"id":"1037ea1c-783b-4edf-9094-786de2fa8213","barrio":"Las Cañitas","pinLocation":"{\"lat\":-34.56575159405229,\"lng\":-58.4398566740592}","barrio_cleaned":"lascanitas"}},{"type":"Feature","geometry":{"coordinates":[[[-58.46498,-34.596343],[-58.464438,-34.592616],[-58.466621,-34.590641],[-58.461408,-34.586052],[-58.460595,-34.578893],[-58.455039,-34.579186],[-58.451593,-34.580612],[-58.444807,-34.583275],[-58.444753,-34.584574],[-58.438638,-34.588724],[-58.447524,-34.592461],[-58.450781,-34.594659],[-58.455037,-34.595641],[-58.458239,-34.596493],[-58.460746,-34.596346],[-58.46498,-34.596343]]],"type":"Polygon"},"properties":{"id":"dfa72c0f-b943-41bd-aaa0-2c27cd30da82","barrio":"Chacarita","pinLocation":"{\"lat\":-34.58933728131751,\"lng\":-58.45001708962042}","barrio_cleaned":"chacarita"}},{"type":"Feature","geometry":{"coordinates":[[[-58.463356,-34.575009],[-58.458804,-34.570631],[-58.454694,-34.567583],[-58.448236,-34.570395],[-58.441281,-34.572914],[-58.438417,-34.577486],[-58.444566,-34.58317],[-58.457449,-34.578419],[-58.463356,-34.575009]]],"type":"Polygon"},"properties":{"id":"a8964609-df7c-4f2f-8867-8b3448c83481","barrio":"Colegiales","pinLocation":"{\"lat\":-34.57077766325152,\"lng\":-58.45833379005663}","barrio_cleaned":"colegiales"}},{"type":"Feature","geometry":{"coordinates":[[[-58.482553,-34.623754],[-58.493745,-34.61408],[-58.480801,-34.608357],[-58.473709,-34.616346],[-58.482553,-34.623754]]],"type":"Polygon"},"properties":{"id":"fb1620a6-9c42-47b4-92ca-316140bac787","barrio":"Villa Santa Rita","pinLocation":"{\"lat\":-34.6154510127099,\"lng\":-58.475511807002704}","barrio_cleaned":"villasantarita"}},{"type":"Feature","geometry":{"coordinates":[[[-58.450641,-34.599357],[-58.438111,-34.58899],[-58.426882,-34.596214],[-58.42627,-34.597833],[-58.432141,-34.602122],[-58.444038,-34.606844],[-58.450641,-34.599357]]],"type":"Polygon"},"properties":{"id":"c25f8c08-2ff9-42bb-b0a0-91c851248486","barrio":"Villa Crespo","pinLocation":"{\"lat\":-34.60270201653297,\"lng\":-58.43511728092841}","barrio_cleaned":"villacrespo"}},{"type":"Feature","geometry":{"coordinates":[[[-58.408663,-34.581417],[-58.409895,-34.582255],[-58.405952,-34.583284],[-58.402452,-34.578522],[-58.405804,-34.575897],[-58.407874,-34.577981],[-58.406625,-34.578738],[-58.408663,-34.581417]]],"type":"Polygon"},"properties":{"id":"2858a410-7b91-4767-80cf-3446436dd099","barrio":"Palermo Chico","pinLocation":"{\"lat\":-34.58185492364611,\"lng\":-58.408806469200115}","barrio_cleaned":"palermochico"}},{"type":"Feature","geometry":{"coordinates":[[[-58.442471,-34.563596],[-58.424145,-34.570794],[-58.431913,-34.574292],[-58.436257,-34.563566],[-58.429983,-34.566963],[-58.425925,-34.570054],[-58.442471,-34.563596]]],"type":"Polygon"},"properties":{"id":"9bbf19b4-bd78-4023-b97d-a964ec015a0a","barrio":"Las Cañitas","pinLocation":"{\"lat\":-34.565982344750694,\"lng\":-58.43374640598478}","barrio_cleaned":"lascanitas"}},{"type":"Feature","geometry":{"coordinates":[[[-58.476741,-34.561161],[-58.483453,-34.558932],[-58.472369,-34.566084],[-58.465909,-34.561939],[-58.473331,-34.553512],[-58.483418,-34.558891],[-58.476741,-34.561161]]],"type":"Polygon"},"properties":{"id":"6f032ac7-8108-4460-aa03-39ad7a14a2be","barrio":"Coghlan","pinLocation":"{\"lat\":-34.56063141137624,\"lng\":-58.469006254594206}","barrio_cleaned":"coghlan"}},{"type":"Feature","geometry":{"coordinates":[[[-58.397257,-34.583116],[-58.406047,-34.592468],[-58.383029,-34.595328],[-58.380016,-34.585607],[-58.392436,-34.579811],[-58.397257,-34.583116]]],"type":"Polygon"},"properties":{"id":"dd459a9f-cce7-41e5-89f9-68878fe41ea7","barrio":"Recoleta","pinLocation":"{\"lat\":-34.589587445235104,\"lng\":-58.388438542237196}","barrio_cleaned":"recoleta"}},{"type":"Feature","geometry":{"coordinates":[[[-58.447527,-34.591536],[-58.45621,-34.597626],[-58.458734,-34.604359],[-58.446414,-34.607679],[-58.423556,-34.597654],[-58.438268,-34.588782],[-58.447527,-34.591536]]],"type":"Polygon"},"properties":{"id":"d9ed39f2-ac90-499e-9708-a4b4cfe367c2","barrio":"Villa Crespo","pinLocation":"{\"lat\":-34.59884207817262,\"lng\":-58.445488441608006}","barrio_cleaned":"villacrespo"}},{"type":"Feature","geometry":{"coordinates":[[[-58.46558,-34.614457],[-58.443846,-34.601236],[-58.435048,-34.604362],[-58.430692,-34.605965],[-58.426918,-34.613545],[-58.424244,-34.626393],[-58.453962,-34.631194],[-58.46558,-34.614457]]],"type":"Polygon"},"properties":{"id":"fbb5cd76-5b23-4691-a593-e7fde16af893","barrio":"Caballito","pinLocation":"{\"lat\":-34.61895956633818,\"lng\":-58.44627736241246}","barrio_cleaned":"caballito"}},{"type":"Feature","geometry":{"coordinates":[[[-58.44668,-34.572771],[-58.439955,-34.56297],[-58.45213,-34.559297],[-58.45942,-34.56364],[-58.44668,-34.572771]]],"type":"Polygon"},"properties":{"id":"b5cd302c-e136-471d-96bd-d9b551e096e3","barrio":"Belgrano","pinLocation":"{\"lat\":-34.56654708640455,\"lng\":-58.44839675334795}","barrio_cleaned":"belgrano"}},{"type":"Feature","geometry":{"coordinates":[[[-58.44757,-34.591922],[-58.455262,-34.597769],[-58.465426,-34.597114],[-58.464589,-34.592849],[-58.467036,-34.590916],[-58.460303,-34.585346],[-58.460869,-34.57857],[-58.450491,-34.580495],[-58.443875,-34.583324],[-58.44757,-34.591922]]],"type":"Polygon"},"properties":{"id":"8b41d9ef-2961-4394-8fc5-390f7d799c02","barrio":"Chacarita","pinLocation":"{\"lat\":-34.586488096544386,\"lng\":-58.45398469264798}","barrio_cleaned":"chacarita"}},{"type":"Feature","geometry":{"coordinates":[[[-58.459345,-34.614443],[-58.448592,-34.634705],[-58.470719,-34.648735],[-58.487861,-34.634942],[-58.459345,-34.614443]]],"type":"Polygon"},"properties":{"id":"70b10e64-2b52-483b-bb3b-d0644ae1cb03","barrio":"Flores","pinLocation":"{\"lat\":-34.627195359329306,\"lng\":-58.461135744160075}","barrio_cleaned":"flores"}},{"type":"Feature","geometry":{"coordinates":[[[-58.431385,-34.574624],[-58.43687,-34.568709],[-58.438176,-34.567157],[-58.441118,-34.564761],[-58.444699,-34.56182],[-58.450027,-34.564796],[-58.452451,-34.565696],[-58.4571,-34.56902],[-58.455652,-34.570132],[-58.45189,-34.571432],[-58.446978,-34.573708],[-58.442434,-34.575411],[-58.439473,-34.576161],[-58.437281,-34.575897],[-58.431385,-34.574624]]],"type":"Polygon"},"properties":{"id":"5d191eba-d493-488d-9bfa-35832338cb71","barrio":"San Benito","pinLocation":"{\"lat\":-34.57077435444257,\"lng\":-58.447861457046315}","barrio_cleaned":"sanbenito"}},{"type":"Feature","geometry":{"coordinates":[[[-58.405938,-34.583347],[-58.399616,-34.584951],[-58.39692,-34.583257],[-58.38489,-34.586984],[-58.387362,-34.592744],[-58.387262,-34.594789],[-58.409176,-34.589144],[-58.405938,-34.583347]]],"type":"Polygon"},"properties":{"id":"068ebb9f-d3e8-4939-b4ea-26d8b6bbbaa9","barrio":"Recoleta","pinLocation":"{\"lat\":-34.587343477626874,\"lng\":-58.4056487124502}","barrio_cleaned":"recoleta"}},{"type":"Feature","geometry":{"coordinates":[[[-58.418312,-34.611015],[-58.416735,-34.617306],[-58.428403,-34.618319],[-58.42342,-34.639952],[-58.399204,-34.635565],[-58.405027,-34.610111],[-58.418312,-34.611015]]],"type":"Polygon"},"properties":{"id":"49542cf4-7cb7-42b9-a3bc-66d055b8e600","barrio":"Boedo","pinLocation":"{\"lat\":-34.61659088925944,\"lng\":-58.4130245457667}","barrio_cleaned":"boedo"}},{"type":"Feature","geometry":{"coordinates":[[[-58.450897,-34.553024],[-58.475154,-34.567761],[-58.467256,-34.579116],[-58.460567,-34.578275],[-58.456207,-34.57227],[-58.453621,-34.568407],[-58.452417,-34.566225],[-58.444016,-34.560422],[-58.433836,-34.553678],[-58.442202,-34.547348],[-58.450897,-34.553024]]],"type":"Polygon"},"properties":{"id":"30bec3d5-301e-4038-b2ae-8cef0144507a","barrio":"Belgrano","pinLocation":"{\"lat\":-34.56056971431095,\"lng\":-58.456823249617855}","barrio_cleaned":"belgrano"}},{"type":"Feature","geometry":{"coordinates":[[[-58.415402,-34.597824],[-58.423324,-34.597785],[-58.426644,-34.59786],[-58.429183,-34.598912],[-58.430371,-34.599769],[-58.432249,-34.60205],[-58.433353,-34.602615],[-58.430709,-34.605901],[-58.430151,-34.613313],[-58.430011,-34.615433],[-58.429305,-34.615124],[-58.427769,-34.622037],[-58.423726,-34.621555],[-58.418055,-34.621169],[-58.412487,-34.620622],[-58.412587,-34.619289],[-58.412772,-34.615395],[-58.412937,-34.614173],[-58.413403,-34.612614],[-58.414511,-34.610706],[-58.414661,-34.608246],[-58.4141,-34.607867],[-58.413851,-34.607304],[-58.412774,-34.602478],[-58.411912,-34.598046],[-58.415402,-34.597824]]],"type":"Polygon"},"properties":{"id":"7190a4d3-6612-4c65-b186-8347df15cc85","barrio":"Almagro","pinLocation":"{\"lat\":-34.59794502472935,\"lng\":-58.415780347278954}","barrio_cleaned":"almagro"}},{"type":"Feature","geometry":{"coordinates":[[[-58.47644,-34.619185],[-58.492356,-34.602967],[-58.469004,-34.602228],[-58.477512,-34.608438],[-58.469106,-34.611979],[-58.469352,-34.60704],[-58.485336,-34.613694],[-58.473433,-34.61493],[-58.47644,-34.619185]]],"type":"Polygon"},"properties":{"id":"a872e09e-bd47-44d1-94fd-fb7c5ede3517","barrio":"Villa del Parque","pinLocation":"{\"lat\":-34.60941266986586,\"lng\":-58.477629139021886}","barrio_cleaned":"villadelparque"}},{"type":"Feature","geometry":{"coordinates":[[[-58.431743,-34.574507],[-58.424187,-34.571046],[-58.419743,-34.565247],[-58.441712,-34.547758],[-58.450303,-34.553872],[-58.457521,-34.546741],[-58.466579,-34.551322],[-58.460639,-34.558295],[-58.474318,-34.56737],[-58.465829,-34.576581],[-58.457383,-34.569216],[-58.452387,-34.56741],[-58.431743,-34.574507]]],"type":"Polygon"},"properties":{"id":"ecbc08b4-c7fe-46e1-9adc-a808526de322","barrio":"Belgrano","pinLocation":"{\"lat\":-34.5674228226798,\"lng\":-58.45671922542053}","barrio_cleaned":"belgrano"}},{"type":"Feature","geometry":{"coordinates":[[[-58.518334,-34.58965],[-58.50828,-34.592248],[-58.502128,-34.599843],[-58.498323,-34.606704],[-58.513865,-34.615981],[-58.520359,-34.611446],[-58.524181,-34.614534],[-58.528432,-34.61143],[-58.518334,-34.58965]]],"type":"Polygon"},"properties":{"id":"abbb8e81-11ef-4740-a55e-12777e5515b0","barrio":"Villa Devoto","pinLocation":"{\"lat\":-34.60373784914796,\"lng\":-58.51305683381949}","barrio_cleaned":"villadevoto"}},{"type":"Feature","geometry":{"coordinates":[[[-58.460515,-34.585165],[-58.460426,-34.585658],[-58.462262,-34.586634],[-58.463775,-34.587991],[-58.465152,-34.589369],[-58.466243,-34.590393],[-58.466858,-34.590507],[-58.467688,-34.589826],[-58.468679,-34.58915],[-58.469516,-34.588491],[-58.470215,-34.587849],[-58.470758,-34.587328],[-58.469965,-34.586053],[-58.469477,-34.584665],[-58.469436,-34.583668],[-58.469483,-34.583172],[-58.471352,-34.582391],[-58.472555,-34.582041],[-58.473584,-34.581751],[-58.474067,-34.581433],[-58.474727,-34.580754],[-58.475365,-34.580007],[-58.4769,-34.57954],[-58.478914,-34.579125],[-58.47794,-34.578577],[-58.475539,-34.577216],[-58.47177,-34.575086],[-58.469145,-34.573532],[-58.467377,-34.57249],[-58.466269,-34.573207],[-58.463074,-34.575137],[-58.462722,-34.575603],[-58.461177,-34.577195],[-58.460454,-34.577942],[-58.460311,-34.578252],[-58.460515,-34.585165]]],"type":"Polygon"},"properties":{"id":"67d6a1ff-a259-4aec-a6ce-51e77f03ab04","barrio":"Villa Ortúzar","pinLocation":"{\"lat\":-34.57786918148128,\"lng\":-58.469391514498255}","barrio_cleaned":"villaortuzar"}},{"type":"Feature","geometry":{"coordinates":[[[-58.443325,-34.581561],[-58.442424,-34.58036],[-58.43839,-34.577074],[-58.435257,-34.574848],[-58.426931,-34.57771],[-58.429764,-34.581879],[-58.433068,-34.584176],[-58.436719,-34.586722],[-58.437646,-34.587721],[-58.438314,-34.588666],[-58.440584,-34.587391],[-58.44272,-34.58583],[-58.444643,-34.584489],[-58.444165,-34.582768],[-58.443325,-34.581561]]],"type":"Polygon"},"properties":{"id":"a17309cd-30d3-4f41-a033-2f8577ee8ecf","barrio":"Palermo Hollywood","pinLocation":"{\"lat\":-34.580731016665325,\"lng\":-58.441887364643065}","barrio_cleaned":"palermohollywood"}},{"type":"Feature","geometry":{"coordinates":[[[-58.412445,-34.591719],[-58.408222,-34.592991],[-58.405942,-34.594347],[-58.40446,-34.595124],[-58.401552,-34.596313],[-58.397469,-34.597073],[-58.393265,-34.597426],[-58.391461,-34.597261],[-58.388085,-34.597116],[-58.384724,-34.596961],[-58.382559,-34.596317],[-58.381582,-34.588822],[-58.386519,-34.586366],[-58.384796,-34.585454],[-58.394464,-34.580002],[-58.396843,-34.578781],[-58.403023,-34.574659],[-58.406682,-34.578563],[-58.404779,-34.580532],[-58.412445,-34.591719]]],"type":"Polygon"},"properties":{"id":"30ab0b6d-9c28-4e89-8c56-a6c276a55054","barrio":"Recoleta","pinLocation":"{\"lat\":-34.58671210393366,\"lng\":-58.40599913402325}","barrio_cleaned":"recoleta"}},{"type":"Feature","geometry":{"coordinates":[[[-58.469623,-34.565594],[-58.46567,-34.570721],[-58.456982,-34.57008],[-58.450012,-34.565956],[-58.453489,-34.557484],[-58.459445,-34.5543],[-58.467472,-34.558228],[-58.469623,-34.565594]]],"type":"Polygon"},"properties":{"id":"3180803e-3f62-4af1-97d1-c97dd61de887","barrio":"Belgrano R","pinLocation":"{\"lat\":-34.566336428168405,\"lng\":-58.46287236777968}","barrio_cleaned":"belgranor"}},{"type":"Feature","geometry":{"coordinates":[[[-58.441131,-34.564609],[-58.450436,-34.558479],[-58.459512,-34.563433],[-58.447647,-34.571209],[-58.441131,-34.564609]]],"type":"Polygon"},"properties":{"id":"1452eac4-9de3-405c-a6c1-205112d0da58","barrio":"Belgrano C","pinLocation":"{\"lat\":-34.562324499813116,\"lng\":-58.45020371962427}","barrio_cleaned":"belgranoc"}},{"type":"Feature","geometry":{"coordinates":[[[-58.431336,-34.574492],[-58.423826,-34.570817],[-58.437994,-34.562831],[-58.440511,-34.565353],[-58.431336,-34.574492]]],"type":"Polygon"},"properties":{"id":"71ca1e14-6ea7-4fb1-8b45-734ba9d2f1c3","barrio":"Las Cañitas","pinLocation":"{\"lat\":-34.56808340878377,\"lng\":-58.43343068818321}","barrio_cleaned":"lascanitas"}},{"type":"Feature","geometry":{"coordinates":[[[-58.405337,-34.593465],[-58.3831,-34.595544],[-58.396126,-34.58169],[-58.381971,-34.588816],[-58.395832,-34.58182],[-58.381999,-34.59337],[-58.396268,-34.581991],[-58.383372,-34.595534],[-58.396074,-34.582392],[-58.382015,-34.588865],[-58.396224,-34.58228],[-58.405337,-34.593465]]],"type":"Polygon"},"properties":{"id":"05ad66c2-5511-497a-b136-89a3dbb1486b","barrio":"Recoleta","pinLocation":"{\"lat\":-34.59408211809119,\"lng\":-58.39589136002179}","barrio_cleaned":"recoleta"}},{"type":"Feature","geometry":{"coordinates":[[[-58.460743,-34.57495],[-58.434675,-34.553483],[-58.45743,-34.547908],[-58.476297,-34.562141],[-58.460023,-34.562734],[-58.470824,-34.569139],[-58.476297,-34.562141],[-58.460743,-34.57495]]],"type":"Polygon"},"properties":{"id":"39e67969-f88b-4f5e-8992-89cb91b37e2d","barrio":"Belgrano","pinLocation":"{\"lat\":-34.56387222717218,\"lng\":-58.45017414874815}","barrio_cleaned":"belgrano"}},{"type":"Feature","geometry":{"coordinates":[[[-58.457866,-34.604919],[-58.430714,-34.608725],[-58.422449,-34.598268],[-58.4363,-34.58713],[-58.457866,-34.604919]]],"type":"Polygon"},"properties":{"id":"0a7359a5-3ec5-4427-afd8-2c68151b6a16","barrio":"Villa Crespo","pinLocation":"{\"lat\":-34.599030913956916,\"lng\":-58.44791301637315}","barrio_cleaned":"villacrespo"}},{"type":"Feature","geometry":{"coordinates":[[[-58.454394,-34.631835],[-58.451374,-34.637251],[-58.44306,-34.643983],[-58.423154,-34.639648],[-58.426877,-34.627078],[-58.451533,-34.630754],[-58.454394,-34.631835]]],"type":"Polygon"},"properties":{"id":"f50f770c-aed6-441e-8653-f6a2817c8144","barrio":"Parque Chacabuco","pinLocation":"{\"lat\":-34.631095059341234,\"lng\":-58.45002081381554}","barrio_cleaned":"parquechacabuco"}},{"type":"Feature","geometry":{"coordinates":[[[-58.469477,-34.571474],[-58.472946,-34.567117],[-58.465831,-34.558837],[-58.450779,-34.551913],[-58.44343,-34.548474],[-58.437433,-34.555448],[-58.445664,-34.561258],[-58.436903,-34.565277],[-58.443547,-34.572152],[-58.45676,-34.568986],[-58.469477,-34.571474]]],"type":"Polygon"},"properties":{"id":"818ec650-44aa-4dc2-a292-218b788f3cc6","barrio":"Belgrano","pinLocation":"{\"lat\":-34.56734726562308,\"lng\":-58.45851774850834}","barrio_cleaned":"belgrano"}},{"type":"Feature","geometry":{"coordinates":[[[-58.423015,-34.571685],[-58.4379,-34.588617],[-58.414594,-34.597323],[-58.401863,-34.578861],[-58.423015,-34.571685]]],"type":"Polygon"},"properties":{"id":"d5491a58-3dc9-47c2-ad30-addc69088da4","barrio":"Palermo","pinLocation":"{\"lat\":-34.57753072800808,\"lng\":-58.41422472755693}","barrio_cleaned":"palermo"}},{"type":"Feature","geometry":{"coordinates":[[[-58.416727,-34.58121],[-58.406433,-34.583519],[-58.405054,-34.581025],[-58.413157,-34.576604],[-58.416727,-34.58121]]],"type":"Polygon"},"properties":{"id":"50421845-9cdd-463d-94eb-705167f96570","barrio":"Palermo","pinLocation":"{\"lat\":-34.58104678289265,\"lng\":-58.4068237055008}","barrio_cleaned":"palermo"}},{"type":"Feature","geometry":{"coordinates":[[[-58.477094,-34.578132],[-58.468108,-34.572908],[-58.473536,-34.566637],[-58.477241,-34.564491],[-58.47908,-34.56386],[-58.481326,-34.565042],[-58.485261,-34.559961],[-58.49083,-34.562892],[-58.491988,-34.561373],[-58.498892,-34.565044],[-58.508722,-34.570242],[-58.503028,-34.573782],[-58.496556,-34.578563],[-58.488093,-34.584883],[-58.477094,-34.578132]]],"type":"Polygon"},"properties":{"id":"eadf4336-9c97-4240-8ed7-fdcf8e3576fb","barrio":"Villa Urquiza","pinLocation":"{\"lat\":-34.57534767586305,\"lng\":-58.487760545151204}","barrio_cleaned":"villaurquiza"}},{"type":"Feature","geometry":{"coordinates":[[[-58.4239,-34.571152],[-58.43141,-34.574542],[-58.439293,-34.56646],[-58.444854,-34.562001],[-58.43756,-34.563071],[-58.4239,-34.571152]]],"type":"Polygon"},"properties":{"id":"e7a1f689-023d-473d-84e7-b6c48a6fff83","barrio":"Las Cañitas","pinLocation":"{\"lat\":-34.57178058427991,\"lng\":-58.429388990948524}","barrio_cleaned":"lascanitas"}},{"type":"Feature","geometry":{"coordinates":[[[-58.508016,-34.570661],[-58.491468,-34.582268],[-58.475433,-34.570874],[-58.494138,-34.547507],[-58.508016,-34.570661]]],"type":"Polygon"},"properties":{"id":"cbcc88b7-1f35-4b27-96d7-7d8bebb28e92","barrio":"Villa Urquiza","pinLocation":"{\"lat\":-34.572626510309775,\"lng\":-58.49959356959491}","barrio_cleaned":"villaurquiza"}},{"type":"Feature","geometry":{"coordinates":[[[-58.475471,-34.570476],[-58.46813,-34.565977],[-58.466156,-34.561964],[-58.47177,-34.554906],[-58.482543,-34.560775],[-58.475471,-34.570476]]],"type":"Polygon"},"properties":{"id":"b7e5bff3-a8c6-4dfd-a7bd-a4c010d0b97e","barrio":"Coghlan","pinLocation":"{\"lat\":-34.56804730626937,\"lng\":-58.476350074112986}","barrio_cleaned":"coghlan"}},{"type":"Feature","geometry":{"coordinates":[[[-58.438095,-34.56263],[-58.436379,-34.563513],[-58.447066,-34.573854],[-58.457648,-34.569301],[-58.467168,-34.557849],[-58.458637,-34.553215],[-58.453097,-34.550531],[-58.450832,-34.552778],[-58.441822,-34.547829],[-58.434653,-34.553959],[-58.441667,-34.558917],[-58.438095,-34.56263]]],"type":"Polygon"},"properties":{"id":"4e9bb0eb-b47d-4f41-96b0-642097d85d62","barrio":"Belgrano","pinLocation":"{\"lat\":-34.56868158496291,\"lng\":-58.447504339173264}","barrio_cleaned":"belgrano"}},{"type":"Feature","geometry":{"coordinates":[[[-58.467379,-34.53556],[-58.46324,-34.54144],[-58.451,-34.552963],[-58.460075,-34.558267],[-58.468425,-34.548455],[-58.475684,-34.539301],[-58.467379,-34.53556]]],"type":"Polygon"},"properties":{"id":"b5193405-0d22-4af9-9d2b-71d31644f6ae","barrio":"Núñez","pinLocation":"{\"lat\":-34.53991994050047,\"lng\":-58.46749773578708}","barrio_cleaned":"nunez"}},{"type":"Feature","geometry":{"coordinates":[[[-58.480497,-34.557676],[-58.472349,-34.553215],[-58.470041,-34.550024],[-58.469851,-34.548771],[-58.470392,-34.547403],[-58.471434,-34.545774],[-58.473098,-34.545139],[-58.473894,-34.542261],[-58.474679,-34.540663],[-58.476951,-34.540147],[-58.485221,-34.543931],[-58.4919,-34.547044],[-58.494399,-34.547997],[-58.496916,-34.548827],[-58.499629,-34.550822],[-58.500769,-34.553139],[-58.49695,-34.5571],[-58.4957,-34.559877],[-58.494099,-34.562512],[-58.491866,-34.561791],[-58.480497,-34.557676]]],"type":"Polygon"},"properties":{"id":"392b4d36-6823-4050-bbb3-d4afd285ebc6","barrio":"Saavedra","pinLocation":"{\"lat\":-34.5564636098689,\"lng\":-58.48188281358381}","barrio_cleaned":"saavedra"}},{"type":"Feature","geometry":{"coordinates":[[[-58.381349,-34.588819],[-58.381856,-34.603757],[-58.412021,-34.59793],[-58.395993,-34.581797],[-58.381349,-34.588819]]],"type":"Polygon"},"properties":{"id":"8e2d39fb-31bb-47d1-851a-bc20fb0bac49","barrio":"Recoleta","pinLocation":"{\"lat\":-34.58699094818079,\"lng\":-58.39762684935464}","barrio_cleaned":"recoleta"}},{"type":"Feature","geometry":{"coordinates":[[[-58.392954,-34.599765],[-58.391672,-34.613854],[-58.412749,-34.615457],[-58.413371,-34.597935],[-58.392954,-34.599765]]],"type":"Polygon"},"properties":{"id":"1cec1aff-64be-4701-ac5f-4a21ee79e098","barrio":"Balvanera","pinLocation":"{\"lat\":-34.59983626146887,\"lng\":-58.40402758135669}","barrio_cleaned":"balvanera"}},{"type":"Feature","geometry":{"coordinates":[[[-58.468166,-34.549031],[-58.471452,-34.551137],[-58.469614,-34.553583],[-58.477109,-34.557571],[-58.471363,-34.560047],[-58.452895,-34.550447],[-58.450798,-34.552827],[-58.440862,-34.54728],[-58.434801,-34.542572],[-58.445467,-34.536498],[-58.45435,-34.541984],[-58.459789,-34.544687],[-58.468166,-34.549031]]],"type":"Polygon"},"properties":{"id":"51b8e37c-0eab-4fd0-a912-f3a953233e95","barrio":"Núñez","pinLocation":"{\"lat\":-34.5503220076801,\"lng\":-58.46786552907693}","barrio_cleaned":"nunez"}},{"type":"Feature","geometry":{"coordinates":[[[-58.452936,-34.550506],[-58.467008,-34.557774],[-58.44682,-34.572987],[-58.43706,-34.563393],[-58.452936,-34.550506]]],"type":"Polygon"},"properties":{"id":"37d3b910-5375-41f2-9294-889a3a3b7511","barrio":"Belgrano","pinLocation":"{\"lat\":-34.55605345431646,\"lng\":-58.45796338799981}","barrio_cleaned":"belgrano"}},{"type":"Feature","geometry":{"coordinates":[[[-58.382899,-34.595335],[-58.381944,-34.589012],[-58.390572,-34.584318],[-58.399856,-34.589289],[-58.402332,-34.594551],[-58.393764,-34.596183],[-58.382899,-34.595335]]],"type":"Polygon"},"properties":{"id":"0f7dc032-d457-443e-a3ed-919341645849","barrio":"Recoleta","pinLocation":"{\"lat\":-34.59255594099718,\"lng\":-58.38880644690052}","barrio_cleaned":"recoleta"}},{"type":"Feature","geometry":{"coordinates":[[[-58.410693,-34.581728],[-58.408713,-34.57825],[-58.403722,-34.580652],[-58.405741,-34.583754],[-58.410693,-34.581728]]],"type":"Polygon"},"properties":{"id":"b8e1f3c7-d1ce-434a-994a-2136eb37a4a2","barrio":"Puerto Norte","pinLocation":"{\"lat\":-34.58000948411267,\"lng\":-58.409573380614205}","barrio_cleaned":"puertonorte"}},{"type":"Feature","geometry":{"coordinates":[[[-58.478429,-34.540473],[-58.471985,-34.55263],[-58.496508,-34.56354],[-58.499373,-34.550151],[-58.478429,-34.540473]]],"type":"Polygon"},"properties":{"id":"775e989d-9232-4b7e-8c2b-2519ea3f855e","barrio":"Saavedra","pinLocation":"{\"lat\":-34.55575485827564,\"lng\":-58.484504828416576}","barrio_cleaned":"saavedra"}},{"type":"Feature","geometry":{"coordinates":[[[-58.476268,-34.53962],[-58.466792,-34.551131],[-58.48922,-34.564341],[-58.498584,-34.550495],[-58.476268,-34.53962]]],"type":"Polygon"},"properties":{"id":"01f4d808-51df-40cd-86d6-8d473dc98b81","barrio":"Saavedra","pinLocation":"{\"lat\":-34.55259972401096,\"lng\":-58.48431998863704}","barrio_cleaned":"saavedra"}},{"type":"Feature","geometry":{"coordinates":[[[-58.482866,-34.62469],[-58.474378,-34.616949],[-58.480032,-34.608803],[-58.494216,-34.614782],[-58.482866,-34.62469]]],"type":"Polygon"},"properties":{"id":"6a7e4108-2f01-44c4-9de4-1086a07aeabc","barrio":"Villa Santa Rita","pinLocation":"{\"lat\":-34.616137474182075,\"lng\":-58.49018157170612}","barrio_cleaned":"villasantarita"}},{"type":"Feature","geometry":{"coordinates":[[[-58.449289,-34.542719],[-58.454171,-34.549015],[-58.463852,-34.554056],[-58.475632,-34.538938],[-58.467292,-34.535736],[-58.463769,-34.534806],[-58.449289,-34.542719]]],"type":"Polygon"},"properties":{"id":"f70ebaaf-b255-4352-870c-40ad581bc9f8","barrio":"Núñez","pinLocation":"{\"lat\":-34.539800068768386,\"lng\":-58.46942732250265}","barrio_cleaned":"nunez"}},{"type":"Feature","geometry":{"coordinates":[[[-58.426298,-34.57822],[-58.437232,-34.587417],[-58.437737,-34.588821],[-58.43412,-34.591653],[-58.430356,-34.594167],[-58.422202,-34.589313],[-58.418616,-34.587124],[-58.420938,-34.585343],[-58.422188,-34.584334],[-58.419912,-34.582502],[-58.426298,-34.57822]]],"type":"Polygon"},"properties":{"id":"1dbf18a4-e721-4d3d-aa66-41cd40a8d789","barrio":"Palermo Soho","pinLocation":"{\"lat\":-34.58372486278506,\"lng\":-58.42292839777238}","barrio_cleaned":"palermosoho"}},{"type":"Feature","geometry":{"coordinates":[[[-58.409514,-34.588663],[-58.399754,-34.595249],[-58.38085,-34.59487],[-58.380202,-34.58833],[-58.404417,-34.575955],[-58.406706,-34.581946],[-58.409514,-34.588663]]],"type":"Polygon"},"properties":{"id":"49081bc9-add3-4dae-9e0a-78138566af2a","barrio":"Recoleta","pinLocation":"{\"lat\":-34.587221601297585,\"lng\":-58.408143656920345}","barrio_cleaned":"recoleta"}},{"type":"Feature","geometry":{"coordinates":[[[-58.409147,-34.587304],[-58.406387,-34.583312],[-58.401652,-34.583382],[-58.399091,-34.585691],[-58.397217,-34.587386],[-58.403295,-34.59187],[-58.409147,-34.587304]]],"type":"Polygon"},"properties":{"id":"9216143a-6a4a-49f2-8eb3-7cbe58211d1b","barrio":"Recoleta","pinLocation":"{\"lat\":-34.58518283792798,\"lng\":-58.404011946513776}","barrio_cleaned":"recoleta"}},{"type":"Feature","geometry":{"coordinates":[[[-58.497127,-34.596933],[-58.483069,-34.597618],[-58.47909,-34.599501],[-58.476737,-34.591967],[-58.484551,-34.589183],[-58.488873,-34.584823],[-58.498208,-34.590824],[-58.507416,-34.593005],[-58.497127,-34.596933]]],"type":"Polygon"},"properties":{"id":"134cb682-9f3b-456a-b523-02e272211bde","barrio":"Agronomía","pinLocation":"{\"lat\":-34.592643171086415,\"lng\":-58.49406501863835}","barrio_cleaned":"agronomia"}},{"type":"Feature","geometry":{"coordinates":[[[-58.452863,-34.552005],[-58.466311,-34.556851],[-58.462709,-34.565156],[-58.453344,-34.571781],[-58.442898,-34.571978],[-58.438455,-34.564959],[-58.442057,-34.55873],[-58.452863,-34.552005]]],"type":"Polygon"},"properties":{"id":"d460c64a-a951-4fed-ba85-69a32138e935","barrio":"Belgrano","pinLocation":"{\"lat\":-34.56577515068387,\"lng\":-58.44997555700307}","barrio_cleaned":"belgrano"}},{"type":"Feature","geometry":{"coordinates":[[[-58.439478,-34.562818],[-58.441057,-34.564581],[-58.433296,-34.572605],[-58.430777,-34.569815],[-58.430262,-34.567497],[-58.43433,-34.564874],[-58.437263,-34.563124],[-58.439478,-34.562818]]],"type":"Polygon"},"properties":{"id":"620120bf-8c4b-445e-8a7e-91723284e87b","barrio":"Las Cañitas","pinLocation":"{\"lat\":-34.56489044331906,\"lng\":-58.43464206225241}","barrio_cleaned":"lascanitas"}},{"type":"Feature","geometry":{"coordinates":[[[-58.415857,-34.597803],[-58.414291,-34.594033],[-58.406148,-34.583439],[-58.401918,-34.583553],[-58.400448,-34.584525],[-58.398125,-34.580809],[-58.382259,-34.588519],[-58.383293,-34.598396],[-58.403063,-34.599427],[-58.415857,-34.597803]]],"type":"Polygon"},"properties":{"id":"1f9d4b8d-412a-4764-ad30-52636f9659fb","barrio":"Recoleta","pinLocation":"{\"lat\":-34.59691781976215,\"lng\":-58.40929447359281}","barrio_cleaned":"recoleta"}},{"type":"Feature","geometry":{"coordinates":[[[-58.496888,-34.643683],[-58.524737,-34.656582],[-58.501481,-34.674066],[-58.478778,-34.657905],[-58.496888,-34.643683]]],"type":"Polygon"},"properties":{"id":"4c1753fb-e2cb-473c-a8bf-5e96619b90ed","barrio":"Mataderos","pinLocation":"{\"lat\":-34.65147042617831,\"lng\":-58.502107763084325}","barrio_cleaned":"mataderos"}},{"type":"Feature","geometry":{"coordinates":[[[-58.440727,-34.572303],[-58.441723,-34.573266],[-58.443905,-34.575634],[-58.441153,-34.577369],[-58.439883,-34.578575],[-58.44147,-34.580343],[-58.444428,-34.583119],[-58.454899,-34.579418],[-58.460448,-34.578161],[-58.464134,-34.575245],[-58.457766,-34.569082],[-58.451595,-34.565406],[-58.440727,-34.572303]]],"type":"Polygon"},"properties":{"id":"428be2f6-cc35-4a4b-a3b3-c25376879191","barrio":"Colegiales","pinLocation":"{\"lat\":-34.57279784795716,\"lng\":-58.4439194181723}","barrio_cleaned":"colegiales"}},{"type":"Feature","geometry":{"coordinates":[[[-58.422781,-34.57134],[-58.42607,-34.577612],[-58.421998,-34.580578],[-58.420389,-34.580578],[-58.415163,-34.574822],[-58.422781,-34.57134]]],"type":"Polygon"},"properties":{"id":"49b040fd-2d9d-4127-b60f-c4274c23f50c","barrio":"Palermo Pacifico","pinLocation":"{\"lat\":-34.576663843547585,\"lng\":-58.42265124864775}","barrio_cleaned":"palermopacifico"}},{"type":"Feature","geometry":{"coordinates":[[[-58.490199,-34.642386],[-58.476441,-34.636048],[-58.478468,-34.631396],[-58.480342,-34.627383],[-58.481773,-34.624266],[-58.486502,-34.620418],[-58.491918,-34.616111],[-58.495444,-34.619095],[-58.498211,-34.621378],[-58.503484,-34.623986],[-58.507363,-34.627514],[-58.490199,-34.642386]]],"type":"Polygon"},"properties":{"id":"7503e133-9ac1-461b-ad5d-c5033d8867b2","barrio":"Floresta","pinLocation":"{\"lat\":-34.63314164647144,\"lng\":-58.486139726144756}","barrio_cleaned":"floresta"}},{"type":"Feature","geometry":{"coordinates":[[[-58.444594,-34.584507],[-58.459872,-34.5784],[-58.463279,-34.575088],[-58.457877,-34.56982],[-58.450319,-34.57216],[-58.450899,-34.573248],[-58.449862,-34.573787],[-58.451072,-34.575829],[-58.44206,-34.58051],[-58.444318,-34.582994],[-58.444594,-34.584507]]],"type":"Polygon"},"properties":{"id":"5fac00dc-29d3-4ae6-9252-eda3814d42b0","barrio":"Colegiales","pinLocation":"{\"lat\":-34.581544735358875,\"lng\":-58.445595551665335}","barrio_cleaned":"colegiales"}},{"type":"Feature","geometry":{"coordinates":[[[-58.405687,-34.600821],[-58.403155,-34.596617],[-58.394658,-34.5975],[-58.394186,-34.601139],[-58.405687,-34.600821]]],"type":"Polygon"},"properties":{"id":"7b34a0dd-c293-4463-8cd4-61ccc584293a","barrio":"Facultad de Medicina","pinLocation":"{\"lat\":-34.59953126485333,\"lng\":-58.40242562808521}","barrio_cleaned":"facultaddemedicina"}},{"type":"Feature","geometry":{"coordinates":[[[-58.420399,-34.581127],[-58.410265,-34.582213],[-58.407156,-34.578734],[-58.414879,-34.575435],[-58.420399,-34.581127]]],"type":"Polygon"},"properties":{"id":"915de4df-8fec-41e0-a1b2-a929212ee277","barrio":"Palermo Botánico","pinLocation":"{\"lat\":-34.58037207748821,\"lng\":-58.41328923250377}","barrio_cleaned":"palermobotanico"}},{"type":"Feature","geometry":{"coordinates":[[[-58.42781,-34.622064],[-58.430655,-34.605928],[-58.414925,-34.607046],[-58.412724,-34.620301],[-58.42781,-34.622064]]],"type":"Polygon"},"properties":{"id":"6c6f2b4a-10da-4bf6-b179-2e48ef2fb256","barrio":"Almagro","pinLocation":"{\"lat\":-34.61924909763053,\"lng\":-58.426468176118405}","barrio_cleaned":"almagro"}},{"type":"Feature","geometry":{"coordinates":[[[-58.460021,-34.578122],[-58.459785,-34.576231],[-58.459812,-34.575392],[-58.459092,-34.572618],[-58.457895,-34.570448],[-58.457707,-34.569948],[-58.457632,-34.568784],[-58.460702,-34.565044],[-58.462309,-34.56337],[-58.464496,-34.561068],[-58.468892,-34.563853],[-58.472804,-34.566432],[-58.475923,-34.568227],[-58.477258,-34.568906],[-58.476488,-34.569665],[-58.475571,-34.570568],[-58.474893,-34.571454],[-58.473233,-34.573344],[-58.470835,-34.576154],[-58.468768,-34.57841],[-58.467207,-34.577379],[-58.464411,-34.5759],[-58.463185,-34.575134],[-58.460918,-34.577439],[-58.460021,-34.578122]]],"type":"Polygon"},"properties":{"id":"dba439d2-0b85-4d8d-b9c2-18b28c0a26f7","barrio":"Belgrano R","pinLocation":"{\"lat\":-34.57688379851845,\"lng\":-58.45993095001954}","barrio_cleaned":"belgranor"}},{"type":"Feature","geometry":{"coordinates":[[[-58.452988,-34.565799],[-58.460191,-34.578305],[-58.444345,-34.583223],[-58.433881,-34.575621],[-58.452988,-34.565799]]],"type":"Polygon"},"properties":{"id":"b5350e4c-6c77-4fb6-8011-6f7a607faad9","barrio":"Colegiales","pinLocation":"{\"lat\":-34.57121173050537,\"lng\":-58.45002764304277}","barrio_cleaned":"colegiales"}},{"type":"Feature","geometry":{"coordinates":[[[-58.429688,-34.599425],[-58.427603,-34.622104],[-58.412648,-34.620799],[-58.413313,-34.598014],[-58.429688,-34.599425]]],"type":"Polygon"},"properties":{"id":"0b769878-e674-431e-b165-6ed839331150","barrio":"Almagro","pinLocation":"{\"lat\":-34.617546402058615,\"lng\":-58.42582838071628}","barrio_cleaned":"almagro"}},{"type":"Feature","geometry":{"coordinates":[[[-58.496998,-34.596771],[-58.498473,-34.59683],[-58.503928,-34.594214],[-58.498272,-34.590785],[-58.494415,-34.59502],[-58.484362,-34.589416],[-58.476021,-34.591871],[-58.478829,-34.599783],[-58.483474,-34.598296],[-58.496998,-34.596771]]],"type":"Polygon"},"properties":{"id":"d4d561ac-28bf-424d-aab9-45ab11152832","barrio":"Agronomía","pinLocation":"{\"lat\":-34.59536046513783,\"lng\":-58.49807047036852}","barrio_cleaned":"agronomia"}},{"type":"Feature","geometry":{"coordinates":[[[-58.450881,-34.598855],[-58.439107,-34.590974],[-58.438511,-34.588788],[-58.444889,-34.584581],[-58.444371,-34.583096],[-58.451217,-34.580366],[-58.457276,-34.57884],[-58.460226,-34.578291],[-58.460434,-34.585752],[-58.466534,-34.590766],[-58.450881,-34.598855]]],"type":"Polygon"},"properties":{"id":"7bd90bfc-7dcb-4b29-bb78-3f63148238d0","barrio":"Chacarita","pinLocation":"{\"lat\":-34.58667670366591,\"lng\":-58.451263734292795}","barrio_cleaned":"chacarita"}},{"type":"Feature","geometry":{"coordinates":[[[-58.508886,-34.569474],[-58.491906,-34.561306],[-58.491033,-34.562685],[-58.483709,-34.559141],[-58.480624,-34.563454],[-58.478975,-34.563814],[-58.479127,-34.564121],[-58.476196,-34.566773],[-58.474374,-34.565705],[-58.467947,-34.57286],[-58.488774,-34.584806],[-58.50299,-34.573534],[-58.509049,-34.570017],[-58.508886,-34.569474]]],"type":"Polygon"},"properties":{"id":"1e65b9e9-da72-4ea1-8c0c-6090bb483302","barrio":"Villa Urquiza","pinLocation":"{\"lat\":-34.576740247880096,\"lng\":-58.48940011635523}","barrio_cleaned":"villaurquiza"}},{"type":"Feature","geometry":{"coordinates":[[[-58.41179,-34.597979],[-58.382609,-34.598693],[-58.402732,-34.581942],[-58.41179,-34.597979]]],"type":"Polygon"},"properties":{"id":"d85da088-f709-4f06-bf84-6b4485bd7b59","barrio":"Recoleta","pinLocation":"{\"lat\":-34.594351834592324,\"lng\":-58.40269081485293}","barrio_cleaned":"recoleta"}},{"type":"Feature","geometry":{"coordinates":[[[-58.387853,-34.599087],[-58.388227,-34.599523],[-58.388087,-34.603782],[-58.382648,-34.603469],[-58.383223,-34.599215],[-58.387853,-34.599087]]],"type":"Polygon"},"properties":{"id":"3a761e08-7d55-45d6-ba2d-078bdad73362","barrio":"Tribunales","pinLocation":"{\"lat\":-34.59924227781535,\"lng\":-58.38761789520237}","barrio_cleaned":"tribunales"}},{"type":"Feature","geometry":{"coordinates":[[[-58.435401,-34.575255],[-58.445029,-34.584508],[-58.43831,-34.588302],[-58.426511,-34.578132],[-58.435401,-34.575255]]],"type":"Polygon"},"properties":{"id":"997300f3-4ce8-45f2-8fbc-a0ccd8639b0a","barrio":"Palermo Hollywood","pinLocation":"{\"lat\":-34.58327573765663,\"lng\":-58.4395300135248}","barrio_cleaned":"palermohollywood"}},{"type":"Feature","geometry":{"coordinates":[[[-58.451625,-34.630584],[-58.442225,-34.642496],[-58.438792,-34.645859],[-58.432246,-34.644409],[-58.422839,-34.641478],[-58.426507,-34.627848],[-58.451625,-34.630584]]],"type":"Polygon"},"properties":{"id":"93919dec-f82f-441c-b273-e849b610d456","barrio":"Parque Chacabuco","pinLocation":"{\"lat\":-34.635192818547,\"lng\":-58.43881082132839}","barrio_cleaned":"parquechacabuco"}},{"type":"Feature","geometry":{"coordinates":[[[-58.461625,-34.704161],[-58.501643,-34.674092],[-58.478667,-34.657766],[-58.444426,-34.684765],[-58.461625,-34.704161]]],"type":"Polygon"},"properties":{"id":"4c3cf927-73d8-4ce2-8a01-ce36809ce49e","barrio":"Villa Lugano","pinLocation":"{\"lat\":-34.6879696039251,\"lng\":-58.475698331424994}","barrio_cleaned":"villalugano"}},{"type":"Feature","geometry":{"coordinates":[[[-58.438325,-34.588768],[-58.426117,-34.57794],[-58.432769,-34.576103],[-58.443355,-34.585335],[-58.438325,-34.588768]]],"type":"Polygon"},"properties":{"id":"58635869-7aee-4165-a83c-43f2efa4d82d","barrio":"Palermo Hollywood","pinLocation":"{\"lat\":-34.581413934420304,\"lng\":-58.43139093441265}","barrio_cleaned":"palermohollywood"}},{"type":"Feature","geometry":{"coordinates":[[[-58.467432,-34.53502],[-58.47585,-34.538435],[-58.468123,-34.54895],[-58.473538,-34.551973],[-58.467201,-34.558007],[-58.452865,-34.550579],[-58.454379,-34.54931],[-58.448588,-34.541921],[-58.450654,-34.540828],[-58.448576,-34.537494],[-58.451322,-34.530167],[-58.457793,-34.527021],[-58.462171,-34.532141],[-58.467432,-34.53502]]],"type":"Polygon"},"properties":{"id":"885f6e55-57a1-465b-9cbe-322db45edbad","barrio":"Núñez","pinLocation":"{\"lat\":-34.543153048951346,\"lng\":-58.46176014842381}","barrio_cleaned":"nunez"}},{"type":"Feature","geometry":{"coordinates":[[[-58.431565,-34.574436],[-58.424049,-34.571039],[-58.436671,-34.563404],[-58.441564,-34.562237],[-58.444668,-34.561328],[-58.445322,-34.561194],[-58.439358,-34.566038],[-58.434538,-34.571419],[-58.431565,-34.574436]]],"type":"Polygon"},"properties":{"id":"f71b2be8-4e73-4b95-978c-7b867a8d1914","barrio":"Las Cañitas","pinLocation":"{\"lat\":-34.57157733862026,\"lng\":-58.429393025091116}","barrio_cleaned":"lascanitas"}},{"type":"Feature","geometry":{"coordinates":[[[-58.420437,-34.580733],[-58.409027,-34.568641],[-58.411718,-34.567921],[-58.414701,-34.567815],[-58.418022,-34.56841],[-58.420119,-34.569315],[-58.423229,-34.571258],[-58.426582,-34.578044],[-58.425087,-34.578758],[-58.421236,-34.581596],[-58.420437,-34.580733]]],"type":"Polygon"},"properties":{"id":"2d170736-edb1-4af1-92b2-f34136e78e08","barrio":"Palermo Nuevo","pinLocation":"{\"lat\":-34.57357199988241,\"lng\":-58.42277779683204}","barrio_cleaned":"palermonuevo"}},{"type":"Feature","geometry":{"coordinates":[[[-58.431144,-34.575759],[-58.440459,-34.586437],[-58.431327,-34.599668],[-58.410139,-34.599368],[-58.407034,-34.593804],[-58.407765,-34.586737],[-58.422925,-34.580121],[-58.431144,-34.575759]]],"type":"Polygon"},"properties":{"id":"e0ace2fd-d678-4164-ac85-33c41ead20a9","barrio":"Palermo","pinLocation":"{\"lat\":-34.59080995887293,\"lng\":-58.41279889972168}","barrio_cleaned":"palermo"}},{"type":"Feature","geometry":{"coordinates":[[[-58.411102,-34.581964],[-58.416169,-34.585342],[-58.413264,-34.587045],[-58.410233,-34.588966],[-58.406107,-34.583323],[-58.411102,-34.581964]]],"type":"Polygon"},"properties":{"id":"014d328c-c469-4ab6-8333-65a4377b327b","barrio":"Alto Palermo","pinLocation":"{\"lat\":-34.58293108237845,\"lng\":-58.41240936626541}","barrio_cleaned":"altopalermo"}},{"type":"Feature","geometry":{"coordinates":[[[-58.444325,-34.59465],[-58.439537,-34.591613],[-58.438242,-34.588867],[-58.44888,-34.582758],[-58.448353,-34.581543],[-58.450902,-34.580529],[-58.452635,-34.583453],[-58.456524,-34.582074],[-58.460508,-34.581689],[-58.460455,-34.585112],[-58.466525,-34.590485],[-58.464724,-34.592573],[-58.465409,-34.596438],[-58.45914,-34.596686],[-58.451143,-34.599335],[-58.444325,-34.59465]]],"type":"Polygon"},"properties":{"id":"475bf273-0577-4062-92a1-25c1f09e3922","barrio":"Chacarita","pinLocation":"{\"lat\":-34.58426406717437,\"lng\":-58.44655982479526}","barrio_cleaned":"chacarita"}},{"type":"Feature","geometry":{"coordinates":[[[-58.406209,-34.583402],[-58.397025,-34.578902],[-58.407753,-34.574702],[-58.414656,-34.578322],[-58.406209,-34.583402]]],"type":"Polygon"},"properties":{"id":"6d8a64ea-10ef-48b0-8eab-d6e9f999b7e9","barrio":"Palermo Chico","pinLocation":"{\"lat\":-34.581999632079146,\"lng\":-58.407808883343165}","barrio_cleaned":"palermochico"}},{"type":"Feature","geometry":{"coordinates":[[[-58.392767,-34.614253],[-58.391984,-34.626659],[-58.404888,-34.628726],[-58.408132,-34.615203],[-58.392767,-34.614253]]],"type":"Polygon"},"properties":{"id":"98129040-2ffc-43fd-8b5d-365a2f5110bf","barrio":"San Cristóbal","pinLocation":"{\"lat\":-34.622237829269466,\"lng\":-58.39304439539856}","barrio_cleaned":"sancristobal"}},{"type":"Feature","geometry":{"coordinates":[[[-58.381838,-34.62238],[-58.391531,-34.623227],[-58.391693,-34.613857],[-58.382218,-34.613032],[-58.381838,-34.62238]]],"type":"Polygon"},"properties":{"id":"7bce921d-ff0f-48c1-9290-8a29d96aefdd","barrio":"San Cristóbal","pinLocation":"{\"lat\":-34.62004484902536,\"lng\":-58.38799085214538}","barrio_cleaned":"sancristobal"}},{"type":"Feature","geometry":{"coordinates":[[[-58.383076,-34.610735],[-58.393371,-34.611326],[-58.390099,-34.597859],[-58.384113,-34.597071],[-58.383076,-34.610735]]],"type":"Polygon"},"properties":{"id":"20e4b384-2144-43b3-a98d-76f9e384b698","barrio":"San Nicolás","pinLocation":"{\"lat\":-34.60633294095797,\"lng\":-58.385524557802796}","barrio_cleaned":"sannicolas"}},{"type":"Feature","geometry":{"coordinates":[[[-58.501638,-34.580862],[-58.508934,-34.584961],[-58.50362,-34.592856],[-58.495238,-34.584224],[-58.501638,-34.580862]]],"type":"Polygon"},"properties":{"id":"fecd9680-f371-4aee-8035-96896fad069f","barrio":"Villa Pueyrredón","pinLocation":"{\"lat\":-34.584433291376186,\"lng\":-58.49916650462609}","barrio_cleaned":"villapueyrredon"}},{"type":"Feature","geometry":{"coordinates":[[[-58.406401,-34.583763],[-58.398634,-34.588356],[-58.4052,-34.593161],[-58.410178,-34.589098],[-58.40683,-34.584046],[-58.406401,-34.583763]]],"type":"Polygon"},"properties":{"id":"cd55576c-5b3e-478a-be1e-1e8791c3c676","barrio":"Barrio Norte","pinLocation":"{\"lat\":-34.586896004726604,\"lng\":-58.405028043657424}","barrio_cleaned":"barrionorte"}},{"type":"Feature","geometry":{"coordinates":[[[-58.475798,-34.539191],[-58.466667,-34.535059],[-58.442186,-34.5487],[-58.459987,-34.55924],[-58.475798,-34.539191]]],"type":"Polygon"},"properties":{"id":"a7e2bac7-5414-41ae-b30a-c63535f9bd8a","barrio":"Núñez","pinLocation":"{\"lat\":-34.54721792855014,\"lng\":-58.46939223829227}","barrio_cleaned":"nunez"}},{"type":"Feature","geometry":{"coordinates":[[[-58.451787,-34.571254],[-58.446594,-34.565717],[-58.459812,-34.553677],[-58.46705,-34.557742],[-58.457795,-34.569098],[-58.451787,-34.571254]]],"type":"Polygon"},"properties":{"id":"dda27d89-23f9-498b-9f7d-22a151b5394b","barrio":"Belgrano","pinLocation":"{\"lat\":-34.56875645513617,\"lng\":-58.45437614565385}","barrio_cleaned":"belgrano"}},{"type":"Feature","geometry":{"coordinates":[[[-58.450915,-34.588755],[-58.447653,-34.591825],[-58.444101,-34.594384],[-58.438373,-34.58846],[-58.445149,-34.584744],[-58.444325,-34.58317],[-58.443338,-34.581718],[-58.446182,-34.57932],[-58.450497,-34.580033],[-58.455482,-34.587395],[-58.450915,-34.588755]]],"type":"Polygon"},"properties":{"id":"02e41d94-d749-4a3c-9552-5f09c2f91f4d","barrio":"Chacalermo","pinLocation":"{\"lat\":-34.58293134636718,\"lng\":-58.44830486557696}","barrio_cleaned":"chacalermo"}},{"type":"Feature","geometry":{"coordinates":[[[-58.413525,-34.635655],[-58.390999,-34.629776],[-58.392165,-34.61486],[-58.416308,-34.618666],[-58.413525,-34.635655]]],"type":"Polygon"},"properties":{"id":"602fcc7b-90c4-4730-9d49-8cb6af0ad90b","barrio":"San Cristóbal","pinLocation":"{\"lat\":-34.625326063724806,\"lng\":-58.4043498873789}","barrio_cleaned":"sancristobal"}},{"type":"Feature","geometry":{"coordinates":[[[-58.400366,-34.576883],[-58.400128,-34.579554],[-58.402561,-34.583522],[-58.405663,-34.587018],[-58.408859,-34.59126],[-58.412533,-34.593774],[-58.417305,-34.593734],[-58.421265,-34.593813],[-58.429185,-34.592831],[-58.43348,-34.588],[-58.430283,-34.581007],[-58.427945,-34.575822],[-58.424223,-34.572482],[-58.419786,-34.57099],[-58.414967,-34.571186],[-58.400366,-34.576883]]],"type":"Polygon"},"properties":{"id":"2c970d38-950d-4a19-b0f5-fd891c8d6be5","barrio":"Palermo","pinLocation":"{\"lat\":-34.5789226606132,\"lng\":-58.40840877117719}","barrio_cleaned":"palermo"}},{"type":"Feature","geometry":{"coordinates":[[[-58.410156,-34.58886],[-58.414353,-34.594096],[-58.42292,-34.594096],[-58.422271,-34.58918],[-58.415911,-34.584906],[-58.410156,-34.58886]]],"type":"Polygon"},"properties":{"id":"02d3a8de-4a1c-4286-addb-ca3a7d0104d4","barrio":"Palermo Sensible","pinLocation":"{\"lat\":-34.59141638057281,\"lng\":-58.41413692747733}","barrio_cleaned":"palermosensible"}},{"type":"Feature","geometry":{"coordinates":[[[-58.432076,-34.566083],[-58.424164,-34.570756],[-58.431206,-34.574433],[-58.435851,-34.570143],[-58.432076,-34.566083]]],"type":"Polygon"},"properties":{"id":"75797ac1-ac3a-4b2c-b976-cda9f30d296c","barrio":"Las Cañitas","pinLocation":"{\"lat\":-34.566589864956306,\"lng\":-58.431676356054126}","barrio_cleaned":"lascanitas"}},{"type":"Feature","geometry":{"coordinates":[[[-58.397228,-34.587698],[-58.407893,-34.597981],[-58.400796,-34.599293],[-58.397228,-34.587698]]],"type":"Polygon"},"properties":{"id":"0b3c34c1-9473-46ef-aa22-5813cb1638e3","barrio":"Barrio Norte","pinLocation":"{\"lat\":-34.59573552393083,\"lng\":-58.4014348563952}","barrio_cleaned":"barrionorte"}},{"type":"Feature","geometry":{"coordinates":[[[-58.386967,-34.599392],[-58.395796,-34.599686],[-58.395737,-34.593405],[-58.393975,-34.591738],[-58.38744,-34.585744],[-58.383065,-34.588243],[-58.386043,-34.592947],[-58.386967,-34.599392]]],"type":"Polygon"},"properties":{"id":"13bef30e-bc84-4888-95ff-c75a918a644c","barrio":"Recoleta","pinLocation":"{\"lat\":-34.59767891864962,\"lng\":-58.388255268442336}","barrio_cleaned":"recoleta"}},{"type":"Feature","geometry":{"coordinates":[[[-58.4293,-34.601276],[-58.407322,-34.602684],[-58.40699,-34.623774],[-58.429348,-34.624901],[-58.4293,-34.601276]]],"type":"Polygon"},"properties":{"id":"e5c96f67-3c63-4627-8dce-a4861e2e4a35","barrio":"Almagro","pinLocation":"{\"lat\":-34.60642821879623,\"lng\":-58.42916407461037}","barrio_cleaned":"almagro"}},{"type":"Feature","geometry":{"coordinates":[[[-58.463711,-34.557174],[-58.446634,-34.548005],[-58.435754,-34.552798],[-58.440688,-34.568321],[-58.446254,-34.570404],[-58.463711,-34.557174]]],"type":"Polygon"},"properties":{"id":"5464f53d-bff4-4ec9-af5a-49c403b502d5","barrio":"Belgrano C","pinLocation":"{\"lat\":-34.56313261301395,\"lng\":-58.444305975808774}","barrio_cleaned":"belgranoc"}},{"type":"Feature","geometry":{"coordinates":[[[-58.426647,-34.57799],[-58.434502,-34.575413],[-58.436793,-34.575982],[-58.443502,-34.581764],[-58.444452,-34.583115],[-58.444708,-34.584479],[-58.438231,-34.588655],[-58.43789,-34.587482],[-58.436657,-34.586755],[-58.430054,-34.581834],[-58.428096,-34.579887],[-58.426647,-34.57799]]],"type":"Polygon"},"properties":{"id":"99fdfc26-0900-486a-b601-01998ae9f142","barrio":"Palermo Hollywood","pinLocation":"{\"lat\":-34.578855257697406,\"lng\":-58.43220445503401}","barrio_cleaned":"palermohollywood"}},{"type":"Feature","geometry":{"coordinates":[[[-58.506703,-34.580965],[-58.498666,-34.577658],[-58.498606,-34.577096],[-58.501106,-34.577944],[-58.512548,-34.584317],[-58.504986,-34.59182],[-58.49955,-34.588986],[-58.490898,-34.585155],[-58.489046,-34.584502],[-58.489122,-34.584232],[-58.489198,-34.583963],[-58.494454,-34.580807],[-58.49632,-34.578294],[-58.497925,-34.577225],[-58.490232,-34.582931],[-58.506703,-34.580965]]],"type":"Polygon"},"properties":{"id":"a5278f41-b8e4-4cee-b670-3bf0cb0c8f7f","barrio":"Villa Pueyrredón","pinLocation":"{\"lat\":-34.5827319450675,\"lng\":-58.498854038444804}","barrio_cleaned":"villapueyrredon"}},{"type":"Feature","geometry":{"coordinates":[[[-58.416526,-34.597757],[-58.414934,-34.593952],[-58.410312,-34.588667],[-58.406444,-34.583104],[-58.404928,-34.580317],[-58.403008,-34.577904],[-58.396341,-34.581077],[-58.391743,-34.580286],[-58.389519,-34.576042],[-58.380201,-34.57928],[-58.374723,-34.579701],[-58.372955,-34.581281],[-58.378766,-34.588894],[-58.379618,-34.591058],[-58.379517,-34.598171],[-58.416526,-34.597757]]],"type":"Polygon"},"properties":{"id":"6d82cd7e-bb35-48f6-9832-9a6d20bd15ec","barrio":"Recoleta","pinLocation":"{\"lat\":-34.59076782401284,\"lng\":-58.41143149682782}","barrio_cleaned":"recoleta"}},{"type":"Feature","geometry":{"coordinates":[[[-58.403506,-34.580203],[-58.42316,-34.571647],[-58.429673,-34.568051],[-58.441452,-34.58602],[-58.41806,-34.598132],[-58.39965,-34.582697],[-58.403506,-34.580203]]],"type":"Polygon"},"properties":{"id":"ff570db9-7389-4485-8080-e9f7a671d06c","barrio":"Palermo","pinLocation":"{\"lat\":-34.58812939419373,\"lng\":-58.40658178476808}","barrio_cleaned":"palermo"}},{"type":"Feature","geometry":{"coordinates":[[[-58.397632,-34.583566],[-58.410426,-34.598119],[-58.444943,-34.584511],[-58.423134,-34.571724],[-58.397632,-34.583566]]],"type":"Polygon"},"properties":{"id":"83ca39b9-61b7-4bbf-a214-9f1401263972","barrio":"Palermo","pinLocation":"{\"lat\":-34.584257858375686,\"lng\":-58.415561518525536}","barrio_cleaned":"palermo"}},{"type":"Feature","geometry":{"coordinates":[[[-58.508454,-34.570204],[-58.487886,-34.584842],[-58.467649,-34.572908],[-58.473809,-34.565924],[-58.480465,-34.563154],[-58.483765,-34.557724],[-58.508454,-34.570204]]],"type":"Polygon"},"properties":{"id":"115fa3d6-09f4-4ddb-9633-353d85da4b74","barrio":"Villa Urquiza","pinLocation":"{\"lat\":-34.568797646601396,\"lng\":-58.49609266248284}","barrio_cleaned":"villaurquiza"}},{"type":"Feature","geometry":{"coordinates":[[[-58.383771,-34.587593],[-58.387934,-34.591656],[-58.386775,-34.599216],[-58.367978,-34.598333],[-58.370339,-34.59056],[-58.366348,-34.585473],[-58.374802,-34.58035],[-58.381261,-34.588633],[-58.383771,-34.587593]]],"type":"Polygon"},"properties":{"id":"7701b087-66a5-42c7-aeef-c9a09347d150","barrio":"Retiro","pinLocation":"{\"lat\":-34.58984506818809,\"lng\":-58.383197214389824}","barrio_cleaned":"retiro"}},{"type":"Feature","geometry":{"coordinates":[[[-58.418472,-34.621341],[-58.427863,-34.622218],[-58.423639,-34.640268],[-58.411351,-34.638327],[-58.410657,-34.635175],[-58.411991,-34.627508],[-58.412324,-34.620811],[-58.418472,-34.621341]]],"type":"Polygon"},"properties":{"id":"5402b70a-60e4-4881-a490-bb902f6384bf","barrio":"Boedo","pinLocation":"{\"lat\":-34.62172477637814,\"lng\":-58.41785906504364}","barrio_cleaned":"boedo"}},{"type":"Feature","geometry":{"coordinates":[[[-58.421337,-34.581101],[-58.417004,-34.581373],[-58.413703,-34.576013],[-58.407437,-34.578667],[-58.410164,-34.582305],[-58.410751,-34.58509],[-58.413058,-34.586989],[-58.421337,-34.581101]]],"type":"Polygon"},"properties":{"id":"d6cd79b7-5fcf-4806-b1c1-ee66072dd375","barrio":"Palermo","pinLocation":"{\"lat\":-34.581695162695226,\"lng\":-58.4139915994846}","barrio_cleaned":"palermo"}},{"type":"Feature","geometry":{"coordinates":[[[-58.415242,-34.575447],[-58.420297,-34.580808],[-58.417079,-34.581665],[-58.414201,-34.581627],[-58.410975,-34.577016],[-58.414729,-34.575199],[-58.415242,-34.575447]]],"type":"Polygon"},"properties":{"id":"a5fa54e5-437a-4e38-8eb8-7d8b1e72a5d4","barrio":"Palermo Zoológico","pinLocation":"{\"lat\":-34.57631638864394,\"lng\":-58.41358217943527}","barrio_cleaned":"palermozoologico"}},{"type":"Feature","geometry":{"coordinates":[[[-58.435474,-34.574879],[-58.45214,-34.566185],[-58.457278,-34.569245],[-58.462982,-34.574956],[-58.460301,-34.578226],[-58.457514,-34.578379],[-58.444245,-34.583216],[-58.435474,-34.574879]]],"type":"Polygon"},"properties":{"id":"18264dcf-ff28-4af4-b304-567277a37f5d","barrio":"Colegiales","pinLocation":"{\"lat\":-34.57096573754458,\"lng\":-58.44426591561499}","barrio_cleaned":"colegiales"}},{"type":"Feature","geometry":{"coordinates":[[[-58.478272,-34.557689],[-58.46139,-34.548957],[-58.45388,-34.55691],[-58.451797,-34.561925],[-58.451229,-34.564966],[-58.459055,-34.56902],[-58.464703,-34.56902],[-58.474296,-34.559872],[-58.478272,-34.557689]]],"type":"Polygon"},"properties":{"id":"52f2ba6b-9df7-4906-805a-148222225461","barrio":"Belgrano","pinLocation":"{\"lat\":-34.561687366982255,\"lng\":-58.464127869632335}","barrio_cleaned":"belgrano"}},{"type":"Feature","geometry":{"coordinates":[[[-58.493215,-34.613763],[-58.488413,-34.610062],[-58.483243,-34.60888],[-58.474271,-34.620506],[-58.481631,-34.622872],[-58.493215,-34.613763]]],"type":"Polygon"},"properties":{"id":"c91107b2-0c76-470a-8d99-bb071c782b8e","barrio":"Villa Santa Rita","pinLocation":"{\"lat\":-34.61503706339789,\"lng\":-58.48204844851469}","barrio_cleaned":"villasantarita"}},{"type":"Feature","geometry":{"coordinates":[[[-58.410002,-34.588931],[-58.404676,-34.580464],[-58.399408,-34.582674],[-58.392018,-34.584611],[-58.387412,-34.585757],[-58.385722,-34.586575],[-58.392694,-34.592566],[-58.393423,-34.595757],[-58.399852,-34.595075],[-58.40237,-34.594584],[-58.404988,-34.593248],[-58.410002,-34.588931]]],"type":"Polygon"},"properties":{"id":"5b7834c7-f97d-4395-97cb-58e4096e67b6","barrio":"Recoleta","pinLocation":"{\"lat\":-34.58744045482875,\"lng\":-58.40501993921606}","barrio_cleaned":"recoleta"}},{"type":"Feature","geometry":{"coordinates":[[[-58.430509,-34.60879],[-58.430001,-34.615456],[-58.421204,-34.611617],[-58.419876,-34.611092],[-58.414573,-34.610774],[-58.414696,-34.608221],[-58.414104,-34.607847],[-58.413329,-34.604155],[-58.412063,-34.598016],[-58.423745,-34.597951],[-58.4268,-34.597851],[-58.429316,-34.598992],[-58.432086,-34.602202],[-58.433357,-34.602765],[-58.430746,-34.605939],[-58.430509,-34.60879]]],"type":"Polygon"},"properties":{"id":"d41b12e2-1f2c-4be1-8190-46e58e0372c0","barrio":"Almagro","pinLocation":"{\"lat\":-34.608053864883175,\"lng\":-58.430409875113824}","barrio_cleaned":"almagro"}},{"type":"Feature","geometry":{"coordinates":[[[-58.506723,-34.605344],[-58.501953,-34.602668],[-58.503489,-34.600624],[-58.499259,-34.598073],[-58.502976,-34.594914],[-58.511064,-34.591927],[-58.517758,-34.589771],[-58.525529,-34.604543],[-58.523287,-34.606847],[-58.522603,-34.610763],[-58.519846,-34.612873],[-58.515016,-34.610555],[-58.510097,-34.607896],[-58.506723,-34.605344]]],"type":"Polygon"},"properties":{"id":"fe51ac8a-e2e3-4888-b130-8be0336a7fde","barrio":"Villa Devoto","pinLocation":"{\"lat\":-34.60424620779433,\"lng\":-58.50518301319461}","barrio_cleaned":"villadevoto"}},{"type":"Feature","geometry":{"coordinates":[[[-58.426698,-34.626953],[-58.451503,-34.630626],[-58.459442,-34.613775],[-58.445537,-34.60717],[-58.438628,-34.605404],[-58.432105,-34.601977],[-58.430045,-34.602295],[-58.429916,-34.615329],[-58.429273,-34.615223],[-58.426698,-34.626953]]],"type":"Polygon"},"properties":{"id":"37e90983-061d-4c1c-8a23-163e6f806aab","barrio":"Caballito","pinLocation":"{\"lat\":-34.62974290452623,\"lng\":-58.448155265341455}","barrio_cleaned":"caballito"}},{"type":"Feature","geometry":{"coordinates":[[[-58.405982,-34.610039],[-58.403794,-34.598561],[-58.422951,-34.597768],[-58.431132,-34.601841],[-58.439221,-34.605674],[-58.445933,-34.607373],[-58.405982,-34.610039]]],"type":"Polygon"},"properties":{"id":"9b47f2b2-07fe-4345-8f0d-e41cda4c630f","barrio":"Almagro","pinLocation":"{\"lat\":-34.60639189478121,\"lng\":-58.42011639729347}","barrio_cleaned":"almagro"}},{"type":"Feature","geometry":{"coordinates":[[[-58.411943,-34.597911],[-58.413449,-34.612749],[-58.41272,-34.61542],[-58.416937,-34.61562],[-58.416755,-34.617266],[-58.428573,-34.618191],[-58.429152,-34.615096],[-58.430213,-34.615346],[-58.430413,-34.607954],[-58.432582,-34.60544],[-58.433711,-34.60293],[-58.432225,-34.60204],[-58.429263,-34.598878],[-58.426558,-34.597908],[-58.423245,-34.597721],[-58.411943,-34.597911]]],"type":"Polygon"},"properties":{"id":"429125e2-e5e2-44ef-82b8-169e6b43fd4b","barrio":"Almagro","pinLocation":"{\"lat\":-34.60479479492793,\"lng\":-58.41508892586866}","barrio_cleaned":"almagro"}},{"type":"Feature","geometry":{"coordinates":[[[-58.419689,-34.565684],[-58.437635,-34.588934],[-58.413079,-34.597904],[-58.400255,-34.582535],[-58.398769,-34.580457],[-58.396729,-34.578484],[-58.419689,-34.565684]]],"type":"Polygon"},"properties":{"id":"f0c302d8-cf35-4b19-bff8-6ae3c06f9c82","barrio":"Palermo","pinLocation":"{\"lat\":-34.578438443817596,\"lng\":-58.406903160735936}","barrio_cleaned":"palermo"}},{"type":"Feature","geometry":{"coordinates":[[[-58.45842,-34.578249],[-58.451279,-34.580533],[-58.444573,-34.5832],[-58.436508,-34.575798],[-58.450126,-34.567004],[-58.45842,-34.578249]]],"type":"Polygon"},"properties":{"id":"d0f13f08-5a20-4362-8782-3f5a43dcb8b0","barrio":"Colegiales","pinLocation":"{\"lat\":-34.57432905601711,\"lng\":-58.453351038150785}","barrio_cleaned":"colegiales"}},{"type":"Feature","geometry":{"coordinates":[[[-58.475551,-34.53946],[-58.461428,-34.556645],[-58.452191,-34.551453],[-58.46837,-34.53646],[-58.475551,-34.53946]]],"type":"Polygon"},"properties":{"id":"f588fd04-e2c7-4718-a2e0-3e18f403f067","barrio":"Núñez","pinLocation":"{\"lat\":-34.545816609905465,\"lng\":-58.4697356572367}","barrio_cleaned":"nunez"}},{"type":"Feature","geometry":{"coordinates":[[[-58.453013,-34.631038],[-58.426821,-34.626871],[-58.429258,-34.615098],[-58.430066,-34.615416],[-58.430366,-34.602409],[-58.432213,-34.601953],[-58.439263,-34.605112],[-58.445948,-34.607581],[-58.458135,-34.604506],[-58.462518,-34.6073],[-58.453013,-34.631038]]],"type":"Polygon"},"properties":{"id":"f5309bfa-791e-4336-a79c-0a90ab0b8f50","barrio":"Caballito","pinLocation":"{\"lat\":-34.62198796601649,\"lng\":-58.445015020107164}","barrio_cleaned":"caballito"}},{"type":"Feature","geometry":{"coordinates":[[[-58.528577,-34.611422],[-58.530535,-34.61547],[-58.530203,-34.620167],[-58.529841,-34.62686],[-58.522792,-34.62352],[-58.52178,-34.624482],[-58.516955,-34.620148],[-58.528577,-34.611422]]],"type":"Polygon"},"properties":{"id":"5dc7329a-95f6-4c13-83a7-53ead1e7a207","barrio":"Villa Real","pinLocation":"{\"lat\":-34.61742131596634,\"lng\":-58.52340740673888}","barrio_cleaned":"villareal"}},{"type":"Feature","geometry":{"coordinates":[[[-58.405023,-34.629339],[-58.411707,-34.630342],[-58.412597,-34.620719],[-58.391566,-34.618178],[-58.391192,-34.627214],[-58.405023,-34.629339]]],"type":"Polygon"},"properties":{"id":"c2319b60-b567-4282-aed0-daab3c1675d8","barrio":"San Cristóbal","pinLocation":"{\"lat\":-34.628811540394366,\"lng\":-58.405055041974194}","barrio_cleaned":"sancristobal"}},{"type":"Feature","geometry":{"coordinates":[[[-58.480226,-34.555712],[-58.468825,-34.549502],[-58.475128,-34.540596],[-58.467979,-34.536777],[-58.462424,-34.53484],[-58.454818,-34.539607],[-58.448451,-34.542126],[-58.442587,-34.546334],[-58.450659,-34.552517],[-58.466841,-34.561403],[-58.480226,-34.555712]]],"type":"Polygon"},"properties":{"id":"45328f7c-c4f8-4ad4-ae01-88ec9a8bfdc0","barrio":"Núñez","pinLocation":"{\"lat\":-34.55664885894227,\"lng\":-58.4710725882839}","barrio_cleaned":"nunez"}},{"type":"Feature","geometry":{"coordinates":[[[-58.433306,-34.602639],[-58.426604,-34.626755],[-58.453577,-34.633038],[-58.463525,-34.616354],[-58.433306,-34.602639]]],"type":"Polygon"},"properties":{"id":"9c6a8382-de1f-4e0b-9e4e-cd7f6f16515d","barrio":"Caballito","pinLocation":"{\"lat\":-34.60379899100117,\"lng\":-58.433717701959495}","barrio_cleaned":"caballito"}},{"type":"Feature","geometry":{"coordinates":[[[-58.386971,-34.617046],[-58.41123,-34.614818],[-58.408847,-34.628899],[-58.386754,-34.626582],[-58.386971,-34.617046]]],"type":"Polygon"},"properties":{"id":"71f4c6c2-f82a-4e7b-9644-d248b0cad566","barrio":"San Cristóbal","pinLocation":"{\"lat\":-34.61875640141813,\"lng\":-58.39886872976827}","barrio_cleaned":"sancristobal"}},{"type":"Feature","geometry":{"coordinates":[[[-58.404698,-34.580518],[-58.381977,-34.588796],[-58.382538,-34.595425],[-58.41016,-34.589054],[-58.404698,-34.580518]]],"type":"Polygon"},"properties":{"id":"222e232b-0224-40d3-9787-9d4b2928564b","barrio":"Recoleta","pinLocation":"{\"lat\":-34.589646668963766,\"lng\":-58.40051735867088}","barrio_cleaned":"recoleta"}},{"type":"Feature","geometry":{"coordinates":[[[-58.410123,-34.597977],[-58.396096,-34.583393],[-58.381803,-34.588702],[-58.383896,-34.59907],[-58.410123,-34.597977]]],"type":"Polygon"},"properties":{"id":"5ff16b09-e64e-45f2-8e9a-5a5d07a59117","barrio":"Recoleta","pinLocation":"{\"lat\":-34.59475812752023,\"lng\":-58.40509974989119}","barrio_cleaned":"recoleta"}},{"type":"Feature","geometry":{"coordinates":[[[-58.510076,-34.570677],[-58.51811,-34.589404],[-58.503531,-34.59448],[-58.490275,-34.592933],[-58.485018,-34.588649],[-58.510076,-34.570677]]],"type":"Polygon"},"properties":{"id":"4eea6baa-efef-4dd3-b437-f83f11c1201d","barrio":"Villa Pueyrredón","pinLocation":"{\"lat\":-34.58114610784787,\"lng\":-58.50215106389008}","barrio_cleaned":"villapueyrredon"}},{"type":"Feature","geometry":{"coordinates":[[[-58.454249,-34.627706],[-58.466177,-34.633052],[-58.471704,-34.62224],[-58.473837,-34.618529],[-58.46385,-34.609591],[-58.460359,-34.615537],[-58.454249,-34.627706]]],"type":"Polygon"},"properties":{"id":"6a16befc-f79e-453f-91ca-7fb00e98f8eb","barrio":"Flores","pinLocation":"{\"lat\":-34.6221481047934,\"lng\":-58.45876794354217}","barrio_cleaned":"flores"}},{"type":"Feature","geometry":{"coordinates":[[[-58.431483,-34.574394],[-58.424093,-34.571182],[-58.436179,-34.563731],[-58.445503,-34.560714],[-58.438136,-34.567364],[-58.431483,-34.574394]]],"type":"Polygon"},"properties":{"id":"ea1ea7d1-45c3-4da9-978e-8e38a3ed1278","barrio":"Las Cañitas","pinLocation":"{\"lat\":-34.56878381535954,\"lng\":-58.43598331031785}","barrio_cleaned":"lascanitas"}},{"type":"Feature","geometry":{"coordinates":[[[-58.511714,-34.624241],[-58.516478,-34.628373],[-58.507066,-34.635623],[-58.505977,-34.639206],[-58.499295,-34.644294],[-58.497236,-34.643382],[-58.490248,-34.642389],[-58.487515,-34.641042],[-58.493733,-34.636668],[-58.499927,-34.631873],[-58.500829,-34.632254],[-58.511714,-34.624241]]],"type":"Polygon"},"properties":{"id":"64bd4e3c-fc24-4481-961c-64c0d3de733e","barrio":"Villa Luro","pinLocation":"{\"lat\":-34.629485453220454,\"lng\":-58.508667006745554}","barrio_cleaned":"villaluro"}},{"type":"Feature","geometry":{"coordinates":[[[-58.393217,-34.613891],[-58.393357,-34.608207],[-58.386399,-34.607628],[-58.386188,-34.613355],[-58.393217,-34.613891]]],"type":"Polygon"},"properties":{"id":"1d8669dc-4890-4a4e-924e-a329146b45a4","barrio":"Congreso","pinLocation":"{\"lat\":-34.6094305717476,\"lng\":-58.3909027676026}","barrio_cleaned":"congreso"}},{"type":"Feature","geometry":{"coordinates":[[[-58.468104,-34.572869],[-58.47428,-34.565781],[-58.475214,-34.5662],[-58.476199,-34.566863],[-58.47908,-34.564257],[-58.479286,-34.564081],[-58.479051,-34.563981],[-58.479948,-34.56335],[-58.481015,-34.562682],[-58.483541,-34.559109],[-58.490967,-34.562664],[-58.491919,-34.561307],[-58.508828,-34.569484],[-58.509072,-34.569984],[-58.506319,-34.571592],[-58.503121,-34.57343],[-58.496184,-34.578674],[-58.491723,-34.58223],[-58.488812,-34.584821],[-58.469103,-34.573551],[-58.468104,-34.572869]]],"type":"Polygon"},"properties":{"id":"8969515c-fa4e-47da-9973-a6e413972867","barrio":"Villa Urquiza","pinLocation":"{\"lat\":-34.57123003742803,\"lng\":-58.48824702473431}","barrio_cleaned":"villaurquiza"}},{"type":"Feature","geometry":{"coordinates":[[[-58.437972,-34.562847],[-58.44047,-34.565438],[-58.426624,-34.578147],[-58.423413,-34.571189],[-58.437972,-34.562847]]],"type":"Polygon"},"properties":{"id":"d9a9065b-9614-4bb3-9bcd-747788ef72dd","barrio":"Las Cañitas","pinLocation":"{\"lat\":-34.56438541869017,\"lng\":-58.43550810871069}","barrio_cleaned":"lascanitas"}},{"type":"Feature","geometry":{"coordinates":[[[-58.44367,-34.59104],[-58.437329,-34.588019],[-58.451018,-34.580561],[-58.455362,-34.587242],[-58.461073,-34.585129],[-58.466616,-34.590246],[-58.464481,-34.592478],[-58.465944,-34.59625],[-58.458981,-34.596565],[-58.44367,-34.59104]]],"type":"Polygon"},"properties":{"id":"1968e31b-65e0-454e-9b10-d9a8e0707b69","barrio":"Chacarita","pinLocation":"{\"lat\":-34.5901038923099,\"lng\":-58.44481597788679}","barrio_cleaned":"chacarita"}},{"type":"Feature","geometry":{"coordinates":[[[-58.438131,-34.588848],[-58.45078,-34.594562],[-58.455507,-34.597859],[-58.456202,-34.597688],[-58.458147,-34.603752],[-58.458861,-34.604425],[-58.446301,-34.607639],[-58.439311,-34.605607],[-58.432195,-34.602087],[-58.429269,-34.599048],[-58.426403,-34.597911],[-58.423344,-34.597749],[-58.42709,-34.596182],[-58.438131,-34.588848]]],"type":"Polygon"},"properties":{"id":"ef471799-f3bc-4542-9cac-55164640ffe6","barrio":"Villa Crespo","pinLocation":"{\"lat\":-34.600986116988494,\"lng\":-58.44199819517327}","barrio_cleaned":"villacrespo"}},{"type":"Feature","geometry":{"coordinates":[[[-58.453531,-34.55081],[-58.446872,-34.55644],[-58.462735,-34.566124],[-58.468273,-34.558316],[-58.453531,-34.55081]]],"type":"Polygon"},"properties":{"id":"25f6a596-1f3f-44d8-b083-c6e0584441b2","barrio":"Belgrano","pinLocation":"{\"lat\":-34.557230978530484,\"lng\":-58.45585595416411}","barrio_cleaned":"belgrano"}},{"type":"Feature","geometry":{"coordinates":[[[-58.473403,-34.566275],[-58.468002,-34.572827],[-58.435182,-34.554146],[-58.449051,-34.541748],[-58.454186,-34.548925],[-58.457491,-34.546853],[-58.4709,-34.554301],[-58.46714,-34.557565],[-58.477118,-34.562882],[-58.473403,-34.566275]]],"type":"Polygon"},"properties":{"id":"fde6f8b3-35af-4314-8ac8-76052dceeabb","barrio":"Belgrano","pinLocation":"{\"lat\":-34.554969563927926,\"lng\":-58.456667796854916}","barrio_cleaned":"belgrano"}},{"type":"Feature","geometry":{"coordinates":[[[-58.444541,-34.584692],[-58.427772,-34.595576],[-58.424006,-34.597152],[-58.418644,-34.597325],[-58.415648,-34.597909],[-58.414323,-34.594253],[-58.410249,-34.588908],[-58.402054,-34.580553],[-58.397036,-34.582664],[-58.390038,-34.572841],[-58.420802,-34.549265],[-58.444541,-34.584692]]],"type":"Polygon"},"properties":{"id":"1df26dd5-b1a7-4091-a93e-b6904ab7305f","barrio":"Palermo","pinLocation":"{\"lat\":-34.57666950203465,\"lng\":-58.43445233719697}","barrio_cleaned":"palermo"}},{"type":"Feature","geometry":{"coordinates":[[[-58.475772,-34.538948],[-58.468337,-34.548922],[-58.474447,-34.552394],[-58.469208,-34.558926],[-58.452986,-34.550465],[-58.454215,-34.549223],[-58.445075,-34.536931],[-58.448446,-34.537313],[-58.451628,-34.532696],[-58.454084,-34.529824],[-58.458035,-34.527343],[-58.463838,-34.533658],[-58.475772,-34.538948]]],"type":"Polygon"},"properties":{"id":"ca9d74ea-bf9d-4f7e-9bb2-0db19c492b99","barrio":"Nuñez","pinLocation":"{\"lat\":-34.55573082337917,\"lng\":-58.47035769262075}","barrio_cleaned":"nunez"}},{"type":"Feature","geometry":{"coordinates":[[[-58.382234,-34.599045],[-58.415924,-34.597763],[-58.414447,-34.593995],[-58.40617,-34.583458],[-58.405369,-34.583409],[-58.403622,-34.581339],[-58.403196,-34.581185],[-58.402599,-34.578182],[-58.381618,-34.588825],[-58.382234,-34.599045]]],"type":"Polygon"},"properties":{"id":"d6c40382-e547-4390-b5f4-ebcb3073a3eb","barrio":"Recoleta","pinLocation":"{\"lat\":-34.593982340729795,\"lng\":-58.4039309521586}","barrio_cleaned":"recoleta"}},{"type":"Feature","geometry":{"coordinates":[[[-58.438535,-34.588389],[-58.444863,-34.584431],[-58.444012,-34.581926],[-58.435431,-34.575262],[-58.426705,-34.577671],[-58.427922,-34.580026],[-58.438535,-34.588389]]],"type":"Polygon"},"properties":{"id":"0379086a-bf31-460a-9e89-0adfe217f347","barrio":"Palermo Hollywood","pinLocation":"{\"lat\":-34.5822262653941,\"lng\":-58.436264630089454}","barrio_cleaned":"palermohollywood"}},{"type":"Feature","geometry":{"coordinates":[[[-58.39557,-34.601029],[-58.389504,-34.600814],[-58.389286,-34.604285],[-58.389037,-34.606621],[-58.386113,-34.606393],[-58.385911,-34.613332],[-58.395729,-34.613889],[-58.39557,-34.601029]]],"type":"Polygon"},"properties":{"id":"ea6f7028-49a9-4f92-919f-370ecd2998fb","barrio":"Congreso","pinLocation":"{\"lat\":-34.600996441457056,\"lng\":-58.39364504760718}","barrio_cleaned":"congreso"}},{"type":"Feature","geometry":{"coordinates":[[[-58.436863,-34.563495],[-58.439162,-34.566244],[-58.431626,-34.574514],[-58.424121,-34.571165],[-58.436863,-34.563495]]],"type":"Polygon"},"properties":{"id":"1bb6c55f-07c7-4b32-9029-8e7cb04b8bd3","barrio":"Las Cañitas","pinLocation":"{\"lat\":-34.57089864005718,\"lng\":-58.43018935318179}","barrio_cleaned":"lascanitas"}},{"type":"Feature","geometry":{"coordinates":[[[-58.391512,-34.584708],[-58.397325,-34.5874],[-58.402261,-34.583397],[-58.406011,-34.583448],[-58.410847,-34.588556],[-58.405186,-34.593304],[-58.398217,-34.595326],[-58.384376,-34.586145],[-58.391512,-34.584708]]],"type":"Polygon"},"properties":{"id":"9f616d9e-a6d6-4b66-97d2-dabdc2345087","barrio":"Recoleta","pinLocation":"{\"lat\":-34.58674693286592,\"lng\":-58.404921292609245}","barrio_cleaned":"recoleta"}},{"type":"Feature","geometry":{"coordinates":[[[-58.37962,-34.627721],[-58.381166,-34.617787],[-58.39168,-34.618202],[-58.390973,-34.629291],[-58.37962,-34.627721]]],"type":"Polygon"},"properties":{"id":"ea5d7594-886a-4ced-a552-026853c3c50c","barrio":"Constitución","pinLocation":"{\"lat\":-34.61913244983581,\"lng\":-58.38886726444076}","barrio_cleaned":"constitucion"}},{"type":"Feature","geometry":{"coordinates":[[[-58.423403,-34.597655],[-58.426525,-34.597922],[-58.429218,-34.59897],[-58.432151,-34.602],[-58.436894,-34.60462],[-58.441604,-34.606393],[-58.446248,-34.60771],[-58.458187,-34.604478],[-58.45641,-34.597649],[-58.450524,-34.594508],[-58.438258,-34.588834],[-58.423403,-34.597655]]],"type":"Polygon"},"properties":{"id":"ab655c2d-7cb8-422d-853e-4347563fd522","barrio":"Villa Crespo","pinLocation":"{\"lat\":-34.60090646389678,\"lng\":-58.437843851032184}","barrio_cleaned":"villacrespo"}},{"type":"Feature","geometry":{"coordinates":[[[-58.437111,-34.604901],[-58.421987,-34.597608],[-58.411798,-34.598297],[-58.414089,-34.609222],[-58.430536,-34.611076],[-58.437111,-34.604901]]],"type":"Polygon"},"properties":{"id":"29185ef5-0216-4d41-962c-51a3dc817e72","barrio":"Almagro","pinLocation":"{\"lat\":-34.60796375445607,\"lng\":-58.41742121869916}","barrio_cleaned":"almagro"}},{"type":"Feature","geometry":{"coordinates":[[[-58.431216,-34.57451],[-58.424481,-34.5711],[-58.436398,-34.563713],[-58.439197,-34.566224],[-58.431216,-34.57451]]],"type":"Polygon"},"properties":{"id":"37b94d82-f9ea-40dc-9cf0-7f898360e020","barrio":"Las Cañitas","pinLocation":"{\"lat\":-34.571873774852655,\"lng\":-58.431345275414046}","barrio_cleaned":"lascanitas"}},{"type":"Feature","geometry":{"coordinates":[[[-58.424656,-34.557821],[-58.444199,-34.578458],[-58.427716,-34.596735],[-58.407982,-34.596885],[-58.394996,-34.570518],[-58.424656,-34.557821]]],"type":"Polygon"},"properties":{"id":"2d0f022c-4fd9-4f9d-aac5-33f9a407cb24","barrio":"Palermo","pinLocation":"{\"lat\":-34.57584407187837,\"lng\":-58.430294657241944}","barrio_cleaned":"palermo"}},{"type":"Feature","geometry":{"coordinates":[[[-58.387685,-34.589854],[-58.386866,-34.599261],[-58.37141,-34.59842],[-58.371282,-34.592043],[-58.380449,-34.586862],[-58.387685,-34.589854]]],"type":"Polygon"},"properties":{"id":"8586c461-60e8-4377-a6c4-c83047326740","barrio":"Retiro","pinLocation":"{\"lat\":-34.588948695618555,\"lng\":-58.383915823318404}","barrio_cleaned":"retiro"}},{"type":"Feature","geometry":{"coordinates":[[[-58.406401,-34.583763],[-58.398634,-34.588356],[-58.4052,-34.593161],[-58.410178,-34.589098],[-58.40683,-34.584046],[-58.406401,-34.583763]]],"type":"Polygon"},"properties":{"id":"bd5f7bbd-cde3-4dc3-a98b-c5874d1385b3","barrio":"Barrio Norte","pinLocation":"{\"lat\":-34.586896004726604,\"lng\":-58.405028043657424}","barrio_cleaned":"barrionorte"}},{"type":"Feature","geometry":{"coordinates":[[[-58.410497,-34.588868],[-58.404956,-34.580315],[-58.403789,-34.581198],[-58.400306,-34.582624],[-58.397492,-34.582912],[-58.395068,-34.583883],[-58.392094,-34.584908],[-58.390955,-34.584996],[-58.389163,-34.585063],[-58.387914,-34.58552],[-58.386657,-34.585963],[-58.385008,-34.587],[-58.385877,-34.587872],[-58.386858,-34.589065],[-58.390942,-34.592407],[-58.392012,-34.593786],[-58.391919,-34.595771],[-58.394043,-34.595794],[-58.396065,-34.595704],[-58.398305,-34.595473],[-58.403625,-34.594015],[-58.405175,-34.593376],[-58.410497,-34.588868]]],"type":"Polygon"},"properties":{"id":"1a2ec018-fb16-4790-ac4c-1415266b00cc","barrio":"Recoleta","pinLocation":"{\"lat\":-34.590801348815326,\"lng\":-58.40471390957724}","barrio_cleaned":"recoleta"}},{"type":"Feature","geometry":{"coordinates":[[[-58.385299,-34.599171],[-58.383797,-34.599134],[-58.384056,-34.594413],[-58.383849,-34.590779],[-58.382904,-34.587639],[-58.385594,-34.584771],[-58.390534,-34.581848],[-58.401415,-34.576244],[-58.40663,-34.585169],[-58.411652,-34.591433],[-58.41037,-34.597476],[-58.404519,-34.597944],[-58.401107,-34.599528],[-58.385299,-34.599171]]],"type":"Polygon"},"properties":{"id":"33dae0eb-58b1-45d7-a56b-877470e0e802","barrio":"Recoleta","pinLocation":"{\"lat\":-34.59779536279834,\"lng\":-58.38984907585859}","barrio_cleaned":"recoleta"}},{"type":"Feature","geometry":{"coordinates":[[[-58.440073,-34.599056],[-58.434222,-34.599398],[-58.437469,-34.597302],[-58.436825,-34.600917],[-58.440073,-34.599056]]],"type":"Polygon"},"properties":{"id":"dffbe7f9-9d66-4cba-8c0a-e75c61592aa8","barrio":"Palermo Hollywood","pinLocation":"{\"lat\":-34.600167564189825,\"lng\":-58.437000000001234}","barrio_cleaned":"palermohollywood"}},{"type":"Feature","geometry":{"coordinates":[[[-58.406976,-34.596489],[-58.413783,-34.593318],[-58.408854,-34.58771],[-58.404329,-34.580945],[-58.399158,-34.582385],[-58.395803,-34.579077],[-58.389186,-34.584253],[-58.385113,-34.587068],[-58.391867,-34.591421],[-58.392911,-34.598547],[-58.406976,-34.596489]]],"type":"Polygon"},"properties":{"id":"2ea6fb1f-03f6-45ff-9802-b0d7844dbc93","barrio":"Recoleta","pinLocation":"{\"lat\":-34.58669234573779,\"lng\":-58.40485653674567}","barrio_cleaned":"recoleta"}},{"type":"Feature","geometry":{"coordinates":[[[-58.372918,-34.585771],[-58.375724,-34.584549],[-58.377498,-34.586886],[-58.372886,-34.589514],[-58.375593,-34.592425],[-58.381756,-34.589104],[-58.38142,-34.598744],[-58.370917,-34.598316],[-58.372992,-34.594792],[-58.371469,-34.593729],[-58.37233,-34.59184],[-58.370872,-34.590361],[-58.37175,-34.588358],[-58.372918,-34.585771]]],"type":"Polygon"},"properties":{"id":"77c6e407-dbab-409e-9254-60ef581061de","barrio":"Retiro","pinLocation":"{\"lat\":-34.591498557367146,\"lng\":-58.37795918498284}","barrio_cleaned":"retiro"}},{"type":"Feature","geometry":{"coordinates":[[[-58.387306,-34.613579],[-58.387695,-34.606255],[-58.399744,-34.607306],[-58.399833,-34.615709],[-58.400054,-34.607212],[-58.399768,-34.615893],[-58.387306,-34.613579]]],"type":"Polygon"},"properties":{"id":"85050b3b-3e46-4dde-84f8-7b13778e89ba","barrio":"Congreso","pinLocation":"{\"lat\":-34.61334490936001,\"lng\":-58.3903323993047}","barrio_cleaned":"congreso"}},{"type":"Feature","geometry":{"coordinates":[[[-58.410326,-34.589568],[-58.407473,-34.58803],[-58.406557,-34.591337],[-58.408565,-34.59357],[-58.410679,-34.591134],[-58.410326,-34.589568]]],"type":"Polygon"},"properties":{"id":"8bbd644d-4066-40d9-b111-4b76c39c3d7d","barrio":"Recoleta","pinLocation":"{\"lat\":-34.591005623935004,\"lng\":-58.407974891262256}","barrio_cleaned":"recoleta"}},{"type":"Feature","geometry":{"coordinates":[[[-58.436456,-34.604298],[-58.432203,-34.602113],[-58.429862,-34.599598],[-58.428691,-34.598776],[-58.426607,-34.597953],[-58.423438,-34.597789],[-58.411876,-34.598],[-58.413989,-34.607752],[-58.413161,-34.609444],[-58.412892,-34.614769],[-58.412518,-34.620591],[-58.427604,-34.622133],[-58.42915,-34.615232],[-58.429868,-34.615439],[-58.430752,-34.606066],[-58.432171,-34.606578],[-58.432898,-34.605752],[-58.434144,-34.604755],[-58.436456,-34.604298]]],"type":"Polygon"},"properties":{"id":"4e0df1da-7d9e-4d02-aec9-c8ba7e153b0a","barrio":"Almagro","pinLocation":"{\"lng\":-58.41874284844805,\"lat\":-34.604418253498764}","barrio_cleaned":"almagro"}},{"type":"Feature","geometry":{"coordinates":[[[-58.415787,-34.627294],[-58.417566,-34.611691],[-58.382156,-34.60938],[-58.38102,-34.622145],[-58.415787,-34.627294]]],"type":"Polygon"},"properties":{"id":"9f1cd9ef-ffea-403d-a88d-60b6121fb496","barrio":"San Cristóbal","pinLocation":"{\"lat\":-34.62041221526244,\"lng\":-58.400830219416875}","barrio_cleaned":"sancristobal"}},{"type":"Feature","geometry":{"coordinates":[[[-58.396247,-34.615355],[-58.384415,-34.614206],[-58.384954,-34.607647],[-58.396275,-34.608293],[-58.396247,-34.615355]]],"type":"Polygon"},"properties":{"id":"44c383c7-e8b7-4bbf-9805-8cd8a1695742","barrio":"Congreso","pinLocation":"{\"lat\":-34.612867471108835,\"lng\":-58.39313597109657}","barrio_cleaned":"congreso"}},{"type":"Feature","geometry":{"coordinates":[[[-58.446933,-34.573576],[-58.441167,-34.564742],[-58.452706,-34.550631],[-58.466926,-34.557575],[-58.457346,-34.568877],[-58.446933,-34.573576]]],"type":"Polygon"},"properties":{"id":"989953d8-e10c-4eb6-be60-040337309678","barrio":"Belgrano","pinLocation":"{\"lat\":-34.569078424853345,\"lng\":-58.44726670129296}","barrio_cleaned":"belgrano"}},{"type":"Feature","geometry":{"coordinates":[[[-58.371437,-34.598399],[-58.395781,-34.599969],[-58.394351,-34.613691],[-58.369592,-34.612462],[-58.371437,-34.598399]]],"type":"Polygon"},"properties":{"id":"8883933a-5cbd-4a8f-b59b-b83013cd0e8b","barrio":"San Nicolás","pinLocation":"{\"lat\":-34.59995696621375,\"lng\":-58.37647656752624}","barrio_cleaned":"sannicolas"}},{"type":"Feature","geometry":{"coordinates":[[[-58.429226,-34.59374],[-58.436029,-34.588704],[-58.431817,-34.586176],[-58.428081,-34.581892],[-58.42039,-34.587814],[-58.429226,-34.59374]]],"type":"Polygon"},"properties":{"id":"cc68e5e4-9d3e-4cfd-985e-ac06633a6304","barrio":"Palermo Soho","pinLocation":"{\"lat\":-34.59119914452491,\"lng\":-58.42550134593361}","barrio_cleaned":"palermosoho"}},{"type":"Feature","geometry":{"coordinates":[[[-58.38248,-34.599082],[-58.393964,-34.599968],[-58.40389,-34.598517],[-58.410444,-34.598161],[-58.407344,-34.592113],[-58.397188,-34.583272],[-58.393487,-34.579242],[-58.380758,-34.586625],[-58.382278,-34.593136],[-58.38248,-34.599082]]],"type":"Polygon"},"properties":{"id":"3a579c8a-ecd4-4462-aa90-a76753c8aa29","barrio":"Recoleta","pinLocation":"{\"lat\":-34.59736773287853,\"lng\":-58.395366207328706}","barrio_cleaned":"recoleta"}},{"type":"Feature","geometry":{"coordinates":[[[-58.509167,-34.569981],[-58.48462,-34.557965],[-58.469986,-34.574009],[-58.488868,-34.584751],[-58.509167,-34.569981]]],"type":"Polygon"},"properties":{"id":"48b4b26e-a412-426b-9d5a-0c3cad64b9b0","barrio":"Villa Urquiza","pinLocation":"{\"lat\":-34.56802312553791,\"lng\":-58.485349243870914}","barrio_cleaned":"villaurquiza"}},{"type":"Feature","geometry":{"coordinates":[[[-58.381386,-34.631041],[-58.390343,-34.634068],[-58.391665,-34.618229],[-58.380549,-34.617573],[-58.378497,-34.630489],[-58.381386,-34.631041]]],"type":"Polygon"},"properties":{"id":"39a8946c-df73-4d38-9b84-569495937b88","barrio":"Constitución","pinLocation":"{\"lat\":-34.62963112590387,\"lng\":-58.38903477229357}","barrio_cleaned":"constitucion"}},{"type":"Feature","geometry":{"coordinates":[[[-58.439407,-34.566143],[-58.436431,-34.56349],[-58.423942,-34.570926],[-58.431606,-34.574547],[-58.439407,-34.566143]]],"type":"Polygon"},"properties":{"id":"642af227-1d00-48e8-a244-ef8fb1310645","barrio":"Las Cañitas","pinLocation":"{\"lat\":-34.56784815446306,\"lng\":-58.43622304478929}","barrio_cleaned":"lascanitas"}},{"type":"Feature","geometry":{"coordinates":[[[-58.500174,-34.550647],[-58.508772,-34.568852],[-58.492222,-34.56147],[-58.467682,-34.549728],[-58.475717,-34.538457],[-58.500174,-34.550647]]],"type":"Polygon"},"properties":{"id":"62b1dc24-69ef-401e-9036-a1a48147a927","barrio":"Saavedra","pinLocation":"{\"lat\":-34.55004408317719,\"lng\":-58.485123058177805}","barrio_cleaned":"saavedra"}},{"type":"Feature","geometry":{"coordinates":[[[-58.456443,-34.626813],[-58.464436,-34.615848],[-58.439248,-34.605669],[-58.425114,-34.628532],[-58.456443,-34.626813]]],"type":"Polygon"},"properties":{"id":"7c5a2efc-5b34-4c2c-b130-2ef48d70f939","barrio":"Caballito","pinLocation":"{\"lat\":-34.6192924441596,\"lng\":-58.45994075561623}","barrio_cleaned":"caballito"}},{"type":"Feature","geometry":{"coordinates":[[[-58.475552,-34.563351],[-58.478006,-34.567655],[-58.46776,-34.559739],[-58.468907,-34.576968],[-58.461738,-34.570325],[-58.462697,-34.56984],[-58.474636,-34.567691],[-58.473728,-34.570728],[-58.47877,-34.569716],[-58.474828,-34.57217],[-58.470885,-34.574624],[-58.469978,-34.571059],[-58.469071,-34.567495],[-58.468164,-34.563931],[-58.467711,-34.562149],[-58.463657,-34.563565],[-58.470825,-34.564676],[-58.467257,-34.560367],[-58.478412,-34.569947],[-58.475545,-34.568502],[-58.475214,-34.568045],[-58.474882,-34.567589],[-58.474716,-34.567361],[-58.474551,-34.567132],[-58.474468,-34.567018],[-58.474385,-34.566904],[-58.474219,-34.566676],[-58.472893,-34.564849],[-58.471567,-34.563023],[-58.470904,-34.562109],[-58.470241,-34.561196],[-58.47409,-34.563813],[-58.477939,-34.56643],[-58.475552,-34.563351]]],"type":"Polygon"},"properties":{"id":"f74923a7-e518-4c6c-979e-dc600d34ca0f","barrio":"Belgrano R","pinLocation":"{\"lat\":-34.563340155758205,\"lng\":-58.46715647525379}","barrio_cleaned":"belgranor"}},{"type":"Feature","geometry":{"coordinates":[[[-58.426372,-34.57809],[-58.421151,-34.581303],[-58.41501,-34.575332],[-58.422907,-34.571621],[-58.426372,-34.57809]]],"type":"Polygon"},"properties":{"id":"c8f19d15-8729-44cf-bc85-5af829cb2b84","barrio":"Palermo Nuevo","pinLocation":"{\"lat\":-34.577294258615325,\"lng\":-58.42518948715636}","barrio_cleaned":"palermonuevo"}},{"type":"Feature","geometry":{"coordinates":[[[-58.473748,-34.569422],[-58.466953,-34.577174],[-58.457296,-34.568918],[-58.462908,-34.562989],[-58.473748,-34.569422]]],"type":"Polygon"},"properties":{"id":"8aa8c3d0-bd57-4f8f-b415-4ecf395f14f7","barrio":"Belgrano R","pinLocation":"{\"lat\":-34.56968906480659,\"lng\":-58.47340957204679}","barrio_cleaned":"belgranor"}},{"type":"Feature","geometry":{"coordinates":[[[-58.495263,-34.67796],[-58.475402,-34.659974],[-58.496575,-34.643057],[-58.524793,-34.656523],[-58.495263,-34.67796]]],"type":"Polygon"},"properties":{"id":"60850300-ab41-42ea-aa63-5cadfc7c7316","barrio":"Mataderos","pinLocation":"{\"lat\":-34.66068630405411,\"lng\":-58.47896244507797}","barrio_cleaned":"mataderos"}},{"type":"Feature","geometry":{"coordinates":[[[-58.438112,-34.588734],[-58.423121,-34.597758],[-58.426816,-34.598228],[-58.429914,-34.599406],[-58.432062,-34.601776],[-58.439474,-34.60543],[-58.44569,-34.607271],[-58.458415,-34.604826],[-58.456062,-34.597788],[-58.455602,-34.595811],[-58.446501,-34.592719],[-58.438112,-34.588734]]],"type":"Polygon"},"properties":{"id":"3c3a8e5a-4af5-439a-b443-5d49c40048ee","barrio":"Villa Crespo","pinLocation":"{\"lat\":-34.59797500138626,\"lng\":-58.439411270506085}","barrio_cleaned":"villacrespo"}},{"type":"Feature","geometry":{"coordinates":[[[-58.435766,-34.564193],[-58.438461,-34.566117],[-58.432,-34.573323],[-58.424653,-34.570093],[-58.435766,-34.564193]]],"type":"Polygon"},"properties":{"id":"f52c2528-924a-4d0b-9f75-f2fbd9c1eae8","barrio":"Las Cañitas","pinLocation":"{\"lat\":-34.568899962934225,\"lng\":-58.43436549709307}","barrio_cleaned":"lascanitas"}},{"type":"Feature","geometry":{"coordinates":[[[-58.450788,-34.552841],[-58.440831,-34.546666],[-58.464794,-34.534767],[-58.475341,-34.539481],[-58.46826,-34.548203],[-58.460318,-34.558006],[-58.450788,-34.552841]]],"type":"Polygon"},"properties":{"id":"730ac57b-07d9-48b0-8ef7-72d9c1404fd8","barrio":"Núñez","pinLocation":"{\"lat\":-34.554372868912985,\"lng\":-58.45799549107508}","barrio_cleaned":"nunez"}},{"type":"Feature","geometry":{"coordinates":[[[-58.437771,-34.587513],[-58.438165,-34.588845],[-58.444761,-34.584508],[-58.444364,-34.583133],[-58.437046,-34.576212],[-58.435489,-34.575856],[-58.434909,-34.575656],[-58.427219,-34.578907],[-58.437771,-34.587513]]],"type":"Polygon"},"properties":{"id":"0977b058-600a-47df-a621-3dad7c18ca94","barrio":"Palermo Hollywood","pinLocation":"{\"lat\":-34.57738642284456,\"lng\":-58.43143242628912}","barrio_cleaned":"palermohollywood"}},{"type":"Feature","geometry":{"coordinates":[[[-58.419376,-34.621089],[-58.419618,-34.617595],[-58.420341,-34.6143],[-58.420969,-34.611838],[-58.421403,-34.609495],[-58.421527,-34.608602],[-58.421292,-34.605802],[-58.421018,-34.603224],[-58.428293,-34.602419],[-58.432205,-34.601968],[-58.436663,-34.604319],[-58.442178,-34.606475],[-58.445542,-34.607409],[-58.453372,-34.611303],[-58.459552,-34.613871],[-58.457441,-34.618105],[-58.452912,-34.627983],[-58.443304,-34.622845],[-58.438364,-34.62309],[-58.419376,-34.621089]]],"type":"Polygon"},"properties":{"id":"afe6c0f8-54fa-4c95-b683-b3a56a990e3d","barrio":"Caballito","pinLocation":"{\"lat\":-34.612271271175814,\"lng\":-58.4299796911923}","barrio_cleaned":"caballito"}},{"type":"Feature","geometry":{"coordinates":[[[-58.454149,-34.63184],[-58.45201,-34.63712],[-58.443768,-34.643254],[-58.431648,-34.641695],[-58.433242,-34.630286],[-58.454149,-34.63184]]],"type":"Polygon"},"properties":{"id":"f0425084-87a7-42d8-be1d-34c879cee6aa","barrio":"Parque Chacabuco","pinLocation":"{\"lat\":-34.63273752450736,\"lng\":-58.44685487751714}","barrio_cleaned":"parquechacabuco"}},{"type":"Feature","geometry":{"coordinates":[[[-58.430918,-34.60053],[-58.43216,-34.602049],[-58.430113,-34.602215],[-58.430751,-34.605978],[-58.43008,-34.615364],[-58.429285,-34.615192],[-58.42791,-34.622038],[-58.412541,-34.62058],[-58.413416,-34.612531],[-58.414389,-34.610681],[-58.41459,-34.608279],[-58.413953,-34.60781],[-58.412309,-34.600162],[-58.411905,-34.597952],[-58.422961,-34.597745],[-58.423808,-34.597806],[-58.426485,-34.597843],[-58.428638,-34.598715],[-58.429722,-34.599372],[-58.430918,-34.60053]]],"type":"Polygon"},"properties":{"id":"66d43a88-4f7a-4048-aecb-eb62cdea22b8","barrio":"Almagro","pinLocation":"{\"lat\":-34.59811765047508,\"lng\":-58.42340843622409}","barrio_cleaned":"almagro"}},{"type":"Feature","geometry":{"coordinates":[[[-58.475191,-34.539166],[-58.460339,-34.55817],[-58.442076,-34.547997],[-58.434879,-34.541538],[-58.446158,-34.536406],[-58.457501,-34.526891],[-58.46835,-34.534944],[-58.475191,-34.539166]]],"type":"Polygon"},"properties":{"id":"b7dc3bba-deef-4a05-97ea-db8bccb96643","barrio":"Núñez","pinLocation":"{\"lat\":-34.55011787884155,\"lng\":-58.4576265251369}","barrio_cleaned":"nunez"}},{"type":"Feature","geometry":{"coordinates":[[[-58.462594,-34.607463],[-58.451448,-34.630558],[-58.42663,-34.626926],[-58.430502,-34.606031],[-58.432385,-34.602104],[-58.43833,-34.600079],[-58.444128,-34.594752],[-58.462594,-34.607463]]],"type":"Polygon"},"properties":{"id":"b508bc79-c1b7-43af-a911-7d177dc73e4e","barrio":"Caballito","pinLocation":"{\"lat\":-34.61592168390411,\"lng\":-58.4467593188955}","barrio_cleaned":"caballito"}},{"type":"Feature","geometry":{"coordinates":[[[-58.376285,-34.608162],[-58.391849,-34.609087],[-58.392923,-34.599408],[-58.370691,-34.598305],[-58.370133,-34.607868],[-58.376285,-34.608162]]],"type":"Polygon"},"properties":{"id":"d695257f-e49d-4674-9784-0d758bb131ff","barrio":"San Nicolás","pinLocation":"{\"lat\":-34.60777372624924,\"lng\":-58.37624209582725}","barrio_cleaned":"sannicolas"}},{"type":"Feature","geometry":{"coordinates":[[[-58.380478,-34.612914],[-58.379033,-34.626067],[-58.375418,-34.634311],[-58.3705,-34.629592],[-58.367883,-34.626862],[-58.362969,-34.625115],[-58.365447,-34.622335],[-58.366713,-34.615421],[-58.365988,-34.612029],[-58.380478,-34.612914]]],"type":"Polygon"},"properties":{"id":"36892a8f-b970-4f31-9703-f4bd9d1ccdec","barrio":"San Telmo","pinLocation":"{\"lat\":-34.61569199352747,\"lng\":-58.373845163277565}","barrio_cleaned":"santelmo"}},{"type":"Feature","geometry":{"coordinates":[[[-58.478572,-34.636881],[-58.48778,-34.641188],[-58.509247,-34.625858],[-58.500361,-34.619514],[-58.478572,-34.636881]]],"type":"Polygon"},"properties":{"id":"9f8b1620-308f-4031-af9e-cd1090a00017","barrio":"Vélez Sarsfield","pinLocation":"{\"lat\":-34.64014142568951,\"lng\":-58.48612766529389}","barrio_cleaned":"velezsarsfield"}},{"type":"Feature","geometry":{"coordinates":[[[-58.414208,-34.644596],[-58.41121,-34.638132],[-58.410477,-34.635361],[-58.41188,-34.629148],[-58.391394,-34.626293],[-58.390046,-34.640306],[-58.401184,-34.645629],[-58.404985,-34.646877],[-58.416088,-34.648396],[-58.414208,-34.644596]]],"type":"Polygon"},"properties":{"id":"94c8b7a3-f527-4be9-be98-1ec5d539198d","barrio":"Parque Patricios","pinLocation":"{\"lat\":-34.63660971833408,\"lng\":-58.40532074214032}","barrio_cleaned":"parquepatricios"}},{"type":"Feature","geometry":{"coordinates":[[[-58.37641,-34.598701],[-58.389284,-34.599125],[-58.388855,-34.592837],[-58.383142,-34.587679],[-58.373014,-34.593791],[-58.37641,-34.598701]]],"type":"Polygon"},"properties":{"id":"eac4cefa-eb03-48d1-8101-6cd413b2707f","barrio":"Retiro","pinLocation":"{\"lat\":-34.59173253368591,\"lng\":-58.37808198054772}","barrio_cleaned":"retiro"}},{"type":"Feature","geometry":{"coordinates":[[[-58.41717,-34.581574],[-58.413244,-34.575923],[-58.406893,-34.578644],[-58.410111,-34.581965],[-58.41717,-34.581574]]],"type":"Polygon"},"properties":{"id":"843e4ad2-8105-4141-88d5-846ee1af5198","barrio":"Palermo Chico","pinLocation":"{\"lat\":-34.58027196478066,\"lng\":-58.41538637490365}","barrio_cleaned":"palermochico"}},{"type":"Feature","geometry":{"coordinates":[[[-58.403652,-34.609787],[-58.392153,-34.609188],[-58.392996,-34.618206],[-58.403416,-34.618866],[-58.403652,-34.609787]]],"type":"Polygon"},"properties":{"id":"bafc71ba-9ce8-4b4d-bdf0-55ad40b27043","barrio":"Balvanera","pinLocation":"{\"lat\":-34.616196490212296,\"lng\":-58.39776815881717}","barrio_cleaned":"balvanera"}},{"type":"Feature","geometry":{"coordinates":[[[-58.453329,-34.56561],[-58.445833,-34.5611],[-58.449981,-34.558331],[-58.456786,-34.562182],[-58.453329,-34.56561]]],"type":"Polygon"},"properties":{"id":"a75cb905-d692-49e5-bd86-00ae2b1a2726","barrio":"Barrancas de Belgrano","pinLocation":"{\"lat\":-34.562612062978964,\"lng\":-58.45046288781556}","barrio_cleaned":"barrancasdebelgrano"}},{"type":"Feature","geometry":{"coordinates":[[[-58.485687,-34.640565],[-58.482994,-34.639143],[-58.479939,-34.641237],[-58.460529,-34.656631],[-58.46925,-34.664577],[-58.495024,-34.645064],[-58.485687,-34.640565]]],"type":"Polygon"},"properties":{"id":"310da311-e4b7-4fe8-95d4-3b19824f17b3","barrio":"Parque Avellaneda","pinLocation":"{\"lat\":-34.64327911713326,\"lng\":-58.49075773784605}","barrio_cleaned":"parqueavellaneda"}},{"type":"Feature","geometry":{"coordinates":[[[-58.529258,-34.635685],[-58.524734,-34.656332],[-58.503411,-34.646317],[-58.511139,-34.635417],[-58.529258,-34.635685]]],"type":"Polygon"},"properties":{"id":"6a314dae-592c-4575-a757-d3465ff7d794","barrio":"Liniers","pinLocation":"{\"lat\":-34.63626394916484,\"lng\":-58.528963969808885}","barrio_cleaned":"liniers"}},{"type":"Feature","geometry":{"coordinates":[[[-58.394041,-34.604868],[-58.383407,-34.603919],[-58.382382,-34.608664],[-58.394425,-34.60877],[-58.385969,-34.605817],[-58.387379,-34.601915],[-58.394041,-34.604868]]],"type":"Polygon"},"properties":{"id":"77418276-dfbc-4f90-b279-4b4c8e17533a","barrio":"San Nicolás","pinLocation":"{\"lat\":-34.604521990607786,\"lng\":-58.38642571744856}","barrio_cleaned":"sannicolas"}},{"type":"Feature","geometry":{"coordinates":[[[-58.443484,-34.561352],[-58.454994,-34.555348],[-58.442178,-34.547782],[-58.434045,-34.553943],[-58.443484,-34.561352]]],"type":"Polygon"},"properties":{"id":"4b72809e-6849-4e6b-8f9a-3c838b76dbe1","barrio":"Bajo Belgrano","pinLocation":"{\"lat\":-34.55990071438205,\"lng\":-58.44380139462908}","barrio_cleaned":"bajobelgrano"}},{"type":"Feature","geometry":{"coordinates":[[[-58.426372,-34.57809],[-58.421151,-34.581303],[-58.41501,-34.575332],[-58.422907,-34.571621],[-58.426372,-34.57809]]],"type":"Polygon"},"properties":{"id":"46773bc8-246f-4d09-9403-bcf93acf918b","barrio":"Palermo Nuevo","pinLocation":"{\"lat\":-34.577294258615325,\"lng\":-58.42518948715636}","barrio_cleaned":"palermonuevo"}},{"type":"Feature","geometry":{"coordinates":[[[-58.397398,-34.575227],[-58.399628,-34.585963],[-58.406112,-34.579401],[-58.407041,-34.587269],[-58.402885,-34.592413],[-58.397398,-34.575227]]],"type":"Polygon"},"properties":{"id":"b3b995dd-558f-4648-a427-81903e001196","barrio":"Recoleta","pinLocation":"{\"lat\":-34.588336050416174,\"lng\":-58.403574952208615}","barrio_cleaned":"recoleta"}},{"type":"Feature","geometry":{"coordinates":[[[-58.391797,-34.618161],[-58.406408,-34.619514],[-58.409416,-34.619984],[-58.406588,-34.598034],[-58.393067,-34.599754],[-58.391797,-34.618161]]],"type":"Polygon"},"properties":{"id":"3276d207-6990-479e-aa78-89e48c06927e","barrio":"Balvanera","pinLocation":"{\"lat\":-34.61839100899788,\"lng\":-58.39488679098996}","barrio_cleaned":"balvanera"}},{"type":"Feature","geometry":{"coordinates":[[[-58.442973,-34.575524],[-58.439717,-34.578301],[-58.444116,-34.583334],[-58.45945,-34.578333],[-58.457829,-34.570297],[-58.451922,-34.571461],[-58.442973,-34.575524]]],"type":"Polygon"},"properties":{"id":"323029e1-d4b3-49c4-b4ef-877cdc1cc8ca","barrio":"Colegiales","pinLocation":"{\"lat\":-34.57553228031581,\"lng\":-58.443679620168254}","barrio_cleaned":"colegiales"}},{"type":"Feature","geometry":{"coordinates":[[[-58.444523,-34.570012],[-58.437563,-34.562649],[-58.427342,-34.554331],[-58.439313,-34.547705],[-58.448689,-34.542595],[-58.455922,-34.548095],[-58.467999,-34.552752],[-58.458282,-34.563004],[-58.453972,-34.568612],[-58.444523,-34.570012]]],"type":"Polygon"},"properties":{"id":"f000ea46-44a8-4ce3-bda2-1c9c8377096c","barrio":"Belgrano","pinLocation":"{\"lat\":-34.56587664799098,\"lng\":-58.44090556938366}","barrio_cleaned":"belgrano"}},{"type":"Feature","geometry":{"coordinates":[[[-58.453066,-34.550468],[-58.467109,-34.557829],[-58.457475,-34.569045],[-58.446615,-34.572841],[-58.444793,-34.569943],[-58.440308,-34.565402],[-58.444589,-34.561969],[-58.445554,-34.561162],[-58.444378,-34.560546],[-58.453066,-34.550468]]],"type":"Polygon"},"properties":{"id":"a624c4ad-b3f6-4ca3-b31d-5c8325fd38d7","barrio":"Belgrano","pinLocation":"{\"lat\":-34.553193540444155,\"lng\":-58.45792671427991}","barrio_cleaned":"belgrano"}},{"type":"Feature","geometry":{"coordinates":[[[-58.474222,-34.620652],[-58.469092,-34.617616],[-58.457221,-34.612976],[-58.453999,-34.620408],[-58.456161,-34.62135],[-58.454084,-34.625571],[-58.451625,-34.63056],[-58.467541,-34.635491],[-58.474222,-34.620652]]],"type":"Polygon"},"properties":{"id":"fe61560b-8b86-4327-a88c-daddd624f980","barrio":"Flores","pinLocation":"{\"lat\":-34.62610049857352,\"lng\":-58.464378109474126}","barrio_cleaned":"flores"}},{"type":"Feature","geometry":{"coordinates":[[[-58.432287,-34.601475],[-58.43182,-34.611348],[-58.414294,-34.609648],[-58.41356,-34.598293],[-58.427422,-34.598403],[-58.432287,-34.601475]]],"type":"Polygon"},"properties":{"id":"7d2d2982-2103-4823-9cf4-fc71ac9994e7","barrio":"Almagro","pinLocation":"{\"lat\":-34.60546616156056,\"lng\":-58.42378207397233}","barrio_cleaned":"almagro"}},{"type":"Feature","geometry":{"coordinates":[[[-58.468139,-34.623038],[-58.475043,-34.627231],[-58.474356,-34.633566],[-58.465971,-34.641744],[-58.459537,-34.642814],[-58.453032,-34.635618],[-58.456248,-34.628153],[-58.468139,-34.623038]]],"type":"Polygon"},"properties":{"id":"a797df29-1152-4f38-9da3-4afb75437930","barrio":"Flores","pinLocation":"{\"lat\":-34.63503910976641,\"lng\":-58.46394386967894}","barrio_cleaned":"flores"}},{"type":"Feature","geometry":{"coordinates":[[[-58.377481,-34.617442],[-58.368651,-34.617093],[-58.373199,-34.614852],[-58.372893,-34.621879],[-58.369808,-34.62173],[-58.375794,-34.621033],[-58.36989,-34.619483],[-58.376233,-34.620232],[-58.37683,-34.616227],[-58.374914,-34.6154],[-58.373658,-34.615141],[-58.377481,-34.617442]]],"type":"Polygon"},"properties":{"id":"14e2ff57-3138-4471-af20-4ef4f3acc3ce","barrio":"San Telmo","pinLocation":"{\"lat\":-34.617052952067105,\"lng\":-58.37163573480464}","barrio_cleaned":"santelmo"}},{"type":"Feature","geometry":{"coordinates":[[[-58.428156,-34.621982],[-58.428339,-34.615832],[-58.429804,-34.612263],[-58.430791,-34.609282],[-58.434484,-34.602571],[-58.445335,-34.606377],[-58.452118,-34.609889],[-58.456694,-34.612719],[-58.453642,-34.625463],[-58.44885,-34.625451],[-58.437877,-34.622751],[-58.428156,-34.621982]]],"type":"Polygon"},"properties":{"id":"8829c3ae-89fe-4691-a2b2-2bf3fac0e436","barrio":"Caballito","pinLocation":"{\"lat\":-34.6173075166553,\"lng\":-58.42986506943761}","barrio_cleaned":"caballito"}},{"type":"Feature","geometry":{"coordinates":[[[-58.416022,-34.597685],[-58.382597,-34.598869],[-58.382024,-34.588756],[-58.401713,-34.573448],[-58.416022,-34.597685]]],"type":"Polygon"},"properties":{"id":"1d221763-de3c-4e07-aee1-19f4ea55aee0","barrio":"Recoleta","pinLocation":"{\"lat\":-34.59251154018976,\"lng\":-58.3932972809872}","barrio_cleaned":"recoleta"}},{"type":"Feature","geometry":{"coordinates":[[[-58.367692,-34.649926],[-58.370524,-34.63033],[-58.371039,-34.626601],[-58.374644,-34.626671],[-58.378936,-34.629143],[-58.381596,-34.631191],[-58.390523,-34.633946],[-58.389965,-34.640111],[-58.391639,-34.640781],[-58.391467,-34.642229],[-58.401338,-34.646233],[-58.400994,-34.650964],[-58.399106,-34.658306],[-58.399278,-34.661342],[-58.393613,-34.662684],[-58.39181,-34.662895],[-58.390094,-34.661201],[-58.386918,-34.660001],[-58.383914,-34.657953],[-58.377477,-34.65753],[-58.374301,-34.656894],[-58.370524,-34.654494],[-58.367692,-34.649926]]],"type":"Polygon"},"properties":{"id":"1cf85f0b-56c0-4d77-ac0a-e5161653029f","barrio":"Barracas","pinLocation":"{\"lng\":-58.37455832519207,\"lat\":-34.63801324316178}","barrio_cleaned":"barracas"}},{"type":"Feature","geometry":{"coordinates":[[[-58.435613,-34.575214],[-58.444647,-34.583239],[-58.459941,-34.57828],[-58.458911,-34.569863],[-58.452889,-34.567188],[-58.435613,-34.575214]]],"type":"Polygon"},"properties":{"id":"2f64920a-99b8-4df8-b31e-35502f22b00c","barrio":"Colegiales","pinLocation":"{\"lat\":-34.58074694130411,\"lng\":-58.44562802897991}","barrio_cleaned":"colegiales"}},{"type":"Feature","geometry":{"coordinates":[[[-58.399828,-34.584916],[-58.394238,-34.579832],[-58.409374,-34.569076],[-58.420735,-34.581828],[-58.410882,-34.581924],[-58.401618,-34.583415],[-58.399828,-34.584916]]],"type":"Polygon"},"properties":{"id":"b73eb8e7-1fdb-48f4-bc15-b5354215cfad","barrio":"Palermo Chico","pinLocation":"{\"lat\":-34.580384500458905,\"lng\":-58.413284488914485}","barrio_cleaned":"palermochico"}},{"type":"Feature","geometry":{"coordinates":[[[-58.459227,-34.545422],[-58.472112,-34.552625],[-58.464713,-34.56111],[-58.477222,-34.568916],[-58.469635,-34.578077],[-58.457789,-34.568805],[-58.445582,-34.572959],[-58.436686,-34.563619],[-58.435308,-34.553661],[-58.451648,-34.546108],[-58.459227,-34.545422]]],"type":"Polygon"},"properties":{"id":"938d147e-8720-4c0d-9750-fe3247f4f2be","barrio":"Belgrano","pinLocation":"{\"lat\":-34.559849131349594,\"lng\":-58.45074473454875}","barrio_cleaned":"belgrano"}},{"type":"Feature","geometry":{"coordinates":[[[-58.458866,-34.57521],[-58.46369,-34.574938],[-58.458088,-34.569633],[-58.446998,-34.573645],[-58.450927,-34.580677],[-58.458866,-34.57521]]],"type":"Polygon"},"properties":{"id":"80a5faba-fa35-4e6b-b3e7-76ffc068e626","barrio":"Colegiales","pinLocation":"{\"lat\":-34.57175403563124,\"lng\":-58.45725668179571}","barrio_cleaned":"colegiales"}},{"type":"Feature","geometry":{"coordinates":[[[-58.398298,-34.580504],[-58.396673,-34.578576],[-58.402686,-34.574152],[-58.405128,-34.576578],[-58.398298,-34.580504]]],"type":"Polygon"},"properties":{"id":"6fcd002e-6f3b-4680-bbe5-3562f2ac08fe","barrio":"Barrio Parque","pinLocation":"{\"lat\":-34.57737682973292,\"lng\":-58.40217501308116}","barrio_cleaned":"barrioparque"}},{"type":"Feature","geometry":{"coordinates":[[[-58.417301,-34.597733],[-58.40391,-34.598248],[-58.402254,-34.594363],[-58.405059,-34.593286],[-58.410195,-34.58906],[-58.40462,-34.58039],[-58.42388,-34.570622],[-58.432122,-34.573837],[-58.443501,-34.581528],[-58.417301,-34.597733]]],"type":"Polygon"},"properties":{"id":"de80046c-4157-4de0-a154-eaca0d3c5df9","barrio":"Palermo","pinLocation":"{\"lat\":-34.597332035371004,\"lng\":-58.417123669439064}","barrio_cleaned":"palermo"}},{"type":"Feature","geometry":{"coordinates":[[[-58.476487,-34.621369],[-58.462071,-34.643745],[-58.449934,-34.636142],[-58.454176,-34.625631],[-58.459467,-34.61413],[-58.476487,-34.621369]]],"type":"Polygon"},"properties":{"id":"8a5b161c-cd1c-4f51-908d-e4aa05c481d8","barrio":"Flores","pinLocation":"{\"lat\":-34.632934497087234,\"lng\":-58.46849590947215}","barrio_cleaned":"flores"}},{"type":"Feature","geometry":{"coordinates":[[[-58.429138,-34.608883],[-58.430557,-34.608764],[-58.43069,-34.606024],[-58.4333,-34.602824],[-58.445496,-34.607352],[-58.446208,-34.607568],[-58.458419,-34.60452],[-58.462655,-34.607365],[-58.451754,-34.630644],[-58.426745,-34.626968],[-58.429138,-34.608883]]],"type":"Polygon"},"properties":{"id":"57323260-d2d1-4c09-960f-bfed0f347d1c","barrio":"Caballito","pinLocation":"{\"lat\":-34.61802845239674,\"lng\":-58.438956453490235}","barrio_cleaned":"caballito"}},{"type":"Feature","geometry":{"coordinates":[[[-58.416337,-34.59797],[-58.414777,-34.621006],[-58.391799,-34.618393],[-58.39277,-34.600258],[-58.416337,-34.59797]]],"type":"Polygon"},"properties":{"id":"79ba1117-0532-4b23-9291-72f9a4fb7eac","barrio":"Balvanera","pinLocation":"{\"lat\":-34.61016350392695,\"lng\":-58.399127672221425}","barrio_cleaned":"balvanera"}},{"type":"Feature","geometry":{"coordinates":[[[-58.438213,-34.588661],[-58.445134,-34.584652],[-58.443403,-34.581433],[-58.435457,-34.575155],[-58.426456,-34.577559],[-58.428122,-34.580514],[-58.438213,-34.588661]]],"type":"Polygon"},"properties":{"id":"65f9c6b5-3f76-4e7d-a883-1669763db913","barrio":"Palermo Hollywood","pinLocation":"{\"lat\":-34.5857193748812,\"lng\":-58.44179015746205}","barrio_cleaned":"palermohollywood"}},{"type":"Feature","geometry":{"coordinates":[[[-58.477886,-34.622465],[-58.471246,-34.63657],[-58.473379,-34.637475],[-58.475914,-34.638933],[-58.490999,-34.626871],[-58.49817,-34.621441],[-58.492701,-34.616735],[-58.482749,-34.624683],[-58.477886,-34.622465]]],"type":"Polygon"},"properties":{"id":"07e39ba0-2cd0-4550-8ef7-65b6a4937979","barrio":"Floresta","pinLocation":"{\"lat\":-34.622960878683756,\"lng\":-58.47875831568065}","barrio_cleaned":"floresta"}},{"type":"Feature","geometry":{"coordinates":[[[-58.508447,-34.569439],[-58.504562,-34.567395],[-58.503067,-34.566748],[-58.498786,-34.564676],[-58.493081,-34.561936],[-58.486104,-34.558523],[-58.484086,-34.557566],[-58.483193,-34.558816],[-58.467292,-34.550075],[-58.468175,-34.548975],[-58.469745,-34.547083],[-58.472582,-34.54342],[-58.475625,-34.539561],[-58.479364,-34.541007],[-58.482719,-34.542421],[-58.485797,-34.543869],[-58.492108,-34.547204],[-58.499422,-34.550565],[-58.504555,-34.559912],[-58.508447,-34.569439]]],"type":"Polygon"},"properties":{"id":"d960f478-849b-4c7f-a279-eb418c685fa8","barrio":"Saavedra","pinLocation":"{\"lat\":-34.55133842001307,\"lng\":-58.4890434516992}","barrio_cleaned":"saavedra"}},{"type":"Feature","geometry":{"coordinates":[[[-58.397359,-34.578724],[-58.401469,-34.584325],[-58.416521,-34.582156],[-58.41155,-34.572851],[-58.397359,-34.578724]]],"type":"Polygon"},"properties":{"id":"b601d808-eba6-4aa2-9174-5b95788d0459","barrio":"Palermo Chico","pinLocation":"{\"lat\":-34.57699088231864,\"lng\":-58.40827988127822}","barrio_cleaned":"palermochico"}},{"type":"Feature","geometry":{"coordinates":[[[-58.401037,-34.60021],[-58.402437,-34.600089],[-58.403343,-34.599958],[-58.403189,-34.598782],[-58.406733,-34.598152],[-58.409366,-34.605197],[-58.41056,-34.607919],[-58.410382,-34.610474],[-58.405908,-34.610072],[-58.399052,-34.609644],[-58.396384,-34.60949],[-58.396853,-34.604497],[-58.397143,-34.600959],[-58.399804,-34.601134],[-58.400893,-34.601178],[-58.401037,-34.60021]]],"type":"Polygon"},"properties":{"id":"6294b947-9c62-4f4d-b018-ff6c491a393d","barrio":"Once","pinLocation":"{\"lat\":-34.606305751856674,\"lng\":-58.40401417645677}","barrio_cleaned":"once"}},{"type":"Feature","geometry":{"coordinates":[[[-58.428914,-34.615182],[-58.413322,-34.612552],[-58.410926,-34.634286],[-58.410204,-34.634441],[-58.410887,-34.634243],[-58.418098,-34.639758],[-58.423134,-34.640132],[-58.428914,-34.615182]]],"type":"Polygon"},"properties":{"id":"9925389e-b333-4f24-90dc-a696c4302754","barrio":"Boedo","pinLocation":"{\"lat\":-34.62589495080384,\"lng\":-58.41799140110652}","barrio_cleaned":"boedo"}},{"type":"Feature","geometry":{"coordinates":[[[-58.456181,-34.581418],[-58.436206,-34.601686],[-58.419018,-34.603981],[-58.409495,-34.588876],[-58.399972,-34.573768],[-58.42947,-34.560762],[-58.444336,-34.559614],[-58.457343,-34.568413],[-58.456181,-34.581418]]],"type":"Polygon"},"properties":{"id":"75acb0b0-1e8e-4430-a8f7-8d79dad3c065","barrio":"Palermo","pinLocation":"{\"lat\":-34.5887608673578,\"lng\":-58.410558922094395}","barrio_cleaned":"palermo"}},{"type":"Feature","geometry":{"coordinates":[[[-58.43031,-34.615104],[-58.430797,-34.605984],[-58.433803,-34.602833],[-58.431025,-34.600777],[-58.426702,-34.597878],[-58.423562,-34.597563],[-58.413474,-34.598162],[-58.414989,-34.605846],[-58.414871,-34.60917],[-58.412803,-34.613978],[-58.412639,-34.62057],[-58.427877,-34.621926],[-58.429178,-34.615159],[-58.43031,-34.615104]]],"type":"Polygon"},"properties":{"id":"79844949-ce25-46a6-8ef5-e2313f75e4b6","barrio":"Almagro","pinLocation":"{\"lat\":-34.61555950673047,\"lng\":-58.42589171272397}","barrio_cleaned":"almagro"}},{"type":"Feature","geometry":{"coordinates":[[[-58.403829,-34.598549],[-58.406118,-34.607576],[-58.405186,-34.614628],[-58.391823,-34.613914],[-58.392327,-34.599598],[-58.403829,-34.598549]]],"type":"Polygon"},"properties":{"id":"9ebd3c94-89f1-4ece-bc97-371faf177d99","barrio":"Balvanera","pinLocation":"{\"lat\":-34.59919069373585,\"lng\":-58.40251330718725}","barrio_cleaned":"balvanera"}},{"type":"Feature","geometry":{"coordinates":[[[-58.416851,-34.581592],[-58.413511,-34.575486],[-58.40756,-34.574485],[-58.402539,-34.57789],[-58.406145,-34.583113],[-58.416851,-34.581592]]],"type":"Polygon"},"properties":{"id":"cb63f1c6-7867-4d4e-8c80-e28776ee2e76","barrio":"Palermo Chico","pinLocation":"{\"lat\":-34.579146335207994,\"lng\":-58.411998705037576}","barrio_cleaned":"palermochico"}},{"type":"Feature","geometry":{"coordinates":[[[-58.431783,-34.603593],[-58.45302,-34.607052],[-58.449206,-34.628116],[-58.427052,-34.625194],[-58.431783,-34.603593]]],"type":"Polygon"},"properties":{"id":"dcc94492-9935-4e42-bfd8-5b8a89c3f2ca","barrio":"Caballito","pinLocation":"{\"lat\":-34.609587115317474,\"lng\":-58.43824152514027}","barrio_cleaned":"caballito"}},{"type":"Feature","geometry":{"coordinates":[[[-58.404632,-34.615254],[-58.36543,-34.614687],[-58.368636,-34.59953],[-58.402213,-34.59986],[-58.404632,-34.615254]]],"type":"Polygon"},"properties":{"id":"8305f01a-11e3-4f58-a782-75df3747aa50","barrio":"Monserrat","pinLocation":"{\"lat\":-34.61135979385072,\"lng\":-58.37260141010853}","barrio_cleaned":"monserrat"}},{"type":"Feature","geometry":{"coordinates":[[[-58.45267,-34.546764],[-58.455731,-34.549545],[-58.46101,-34.553362],[-58.467699,-34.558328],[-58.474286,-34.563255],[-58.46812,-34.571289],[-58.460223,-34.578664],[-58.454432,-34.584127],[-58.46029,-34.573895],[-58.457662,-34.569537],[-58.445523,-34.567282],[-58.435185,-34.563443],[-58.430642,-34.558317],[-58.430362,-34.553237],[-58.430755,-34.545893],[-58.437372,-34.539103],[-58.45267,-34.546764]]],"type":"Polygon"},"properties":{"id":"02f4bfba-e604-4ecd-b2cd-cb45fc55951d","barrio":"Belgrano","pinLocation":"{\"lat\":-34.54745858802554,\"lng\":-58.449483987245685}","barrio_cleaned":"belgrano"}},{"type":"Feature","geometry":{"coordinates":[[[-58.476153,-34.53869],[-58.50084,-34.549574],[-58.509133,-34.569658],[-58.491972,-34.561538],[-58.490868,-34.562946],[-58.490026,-34.564252],[-58.484673,-34.559933],[-58.471676,-34.552485],[-58.472675,-34.551387],[-58.468237,-34.549038],[-58.476153,-34.53869]]],"type":"Polygon"},"properties":{"id":"0260e5d8-5d42-4f48-b317-ffde33d93358","barrio":"Saavedra","pinLocation":"{\"lat\":-34.54758062387857,\"lng\":-58.47891117836153}","barrio_cleaned":"saavedra"}},{"type":"Feature","geometry":{"coordinates":[[[-58.467376,-34.557874],[-58.457643,-34.569266],[-58.443168,-34.561361],[-58.452768,-34.550269],[-58.467376,-34.557874]]],"type":"Polygon"},"properties":{"id":"d3843d96-f57e-430e-a4ec-898796d9b721","barrio":"Belgrano","pinLocation":"{\"lat\":-34.560948846881296,\"lng\":-58.46067409192689}","barrio_cleaned":"belgrano"}},{"type":"Feature","geometry":{"coordinates":[[[-58.400373,-34.659889],[-58.403715,-34.650487],[-58.409365,-34.649655],[-58.410862,-34.645572],[-58.413135,-34.645079],[-58.410865,-34.638488],[-58.4213,-34.640182],[-58.427927,-34.648215],[-58.431793,-34.651224],[-58.420227,-34.660214],[-58.415682,-34.658761],[-58.411267,-34.658482],[-58.407521,-34.659833],[-58.403617,-34.658922],[-58.400373,-34.659889]]],"type":"Polygon"},"properties":{"id":"469a158d-81fd-491d-bd36-b4daa810ce85","barrio":"Nueva Pompeya","pinLocation":"{\"lat\":-34.65652004019852,\"lng\":-58.412755405792595}","barrio_cleaned":"nuevapompeya"}},{"type":"Feature","geometry":{"coordinates":[[[-58.487942,-34.585141],[-58.500707,-34.575213],[-58.479478,-34.564397],[-58.466208,-34.572387],[-58.487942,-34.585141]]],"type":"Polygon"},"properties":{"id":"a9f61a8a-54f5-468d-8c70-47c479715fb1","barrio":"Villa Urquiza","pinLocation":"{\"lat\":-34.57342762602258,\"lng\":-58.47961231831573}","barrio_cleaned":"villaurquiza"}},{"type":"Feature","geometry":{"coordinates":[[[-58.396428,-34.604681],[-58.396308,-34.617849],[-58.388669,-34.61823],[-58.389373,-34.604159],[-58.396428,-34.604681]]],"type":"Polygon"},"properties":{"id":"dba584eb-80b4-4dc0-8137-bc22651efe6b","barrio":"Congreso","pinLocation":"{\"lat\":-34.61745326834184,\"lng\":-58.393664203524764}","barrio_cleaned":"congreso"}},{"type":"Feature","geometry":{"coordinates":[[[-58.463217,-34.575173],[-58.47372,-34.581066],[-58.470627,-34.587441],[-58.466608,-34.5907],[-58.460855,-34.585685],[-58.460052,-34.578565],[-58.463217,-34.575173]]],"type":"Polygon"},"properties":{"id":"bc8287a9-6ee5-4b47-ab73-23b72a48a6f7","barrio":"Villa Ortúzar","pinLocation":"{\"lat\":-34.57690277603702,\"lng\":-58.46415799387836}","barrio_cleaned":"villaortuzar"}},{"type":"Feature","geometry":{"coordinates":[[[-58.431963,-34.574115],[-58.424347,-34.570682],[-58.444733,-34.561165],[-58.431963,-34.574115]]],"type":"Polygon"},"properties":{"id":"e91be2f1-00bd-4e8f-a303-a6181ad0ae7a","barrio":"Las Cañitas","pinLocation":"{\"lat\":-34.57379828428432,\"lng\":-58.432060690378435}","barrio_cleaned":"lascanitas"}},{"type":"Feature","geometry":{"coordinates":[[[-58.405009,-34.591142],[-58.401774,-34.587472],[-58.395851,-34.581928],[-58.391959,-34.579839],[-58.380552,-34.586804],[-58.381774,-34.591243],[-58.382253,-34.595603],[-58.391911,-34.596076],[-58.399915,-34.595228],[-58.405009,-34.591142]]],"type":"Polygon"},"properties":{"id":"8d85f61c-e3b7-45d9-b4af-f807d0ddca00","barrio":"Recoleta","pinLocation":"{\"lat\":-34.59223063677577,\"lng\":-58.396621572710785}","barrio_cleaned":"recoleta"}},{"type":"Feature","geometry":{"coordinates":[[[-58.444892,-34.569934],[-58.438597,-34.573621],[-58.444583,-34.57801],[-58.45092,-34.588348],[-58.434545,-34.601367],[-58.410296,-34.589242],[-58.404385,-34.580514],[-58.414392,-34.575057],[-58.444892,-34.569934]]],"type":"Polygon"},"properties":{"id":"fdb757b3-c0e7-47c0-827f-8a6974f4efdd","barrio":"Palermo","pinLocation":"{\"lat\":-34.573815479736695,\"lng\":-58.4374227812134}","barrio_cleaned":"palermo"}},{"type":"Feature","geometry":{"coordinates":[[[-58.471567,-34.636669],[-58.472412,-34.634136],[-58.473656,-34.631684],[-58.474232,-34.630403],[-58.477701,-34.622285],[-58.459226,-34.613929],[-58.441896,-34.643022],[-58.430355,-34.650846],[-58.450057,-34.665193],[-58.467336,-34.652056],[-58.473209,-34.66213],[-58.490028,-34.649808],[-58.471567,-34.636669]]],"type":"Polygon"},"properties":{"id":"e07aec91-a4c1-43dd-a01d-066e68e1f2e2","barrio":"Flores","pinLocation":"{\"lat\":-34.636016105758344,\"lng\":-58.46968474160478}","barrio_cleaned":"flores"}},{"type":"Feature","geometry":{"coordinates":[[[-58.450406,-34.585709],[-58.470386,-34.59698],[-58.469382,-34.624476],[-58.465368,-34.638295],[-58.428602,-34.63071],[-58.430152,-34.607273],[-58.431065,-34.595853],[-58.450406,-34.585709]]],"type":"Polygon"},"properties":{"id":"c2daa9a5-bf08-4d71-80b5-225d595edd9f","barrio":"Caballito","pinLocation":"{\"lat\":-34.62070628527017,\"lng\":-58.44538908467493}","barrio_cleaned":"caballito"}},{"type":"Feature","geometry":{"coordinates":[[[-58.432287,-34.601475],[-58.43182,-34.611348],[-58.414294,-34.609648],[-58.41356,-34.598293],[-58.427422,-34.598403],[-58.432287,-34.601475]]],"type":"Polygon"},"properties":{"id":"7d42429c-c6b9-474d-b0c5-202c0becfd83","barrio":"Almagro","pinLocation":"{\"lat\":-34.60546616156056,\"lng\":-58.42378207397233}","barrio_cleaned":"almagro"}},{"type":"Feature","geometry":{"coordinates":[[[-58.410498,-34.556512],[-58.444743,-34.584292],[-58.416498,-34.598053],[-58.397882,-34.570489],[-58.410498,-34.556512]]],"type":"Polygon"},"properties":{"id":"9e865a74-cc4d-4767-ad67-4fe550c081b6","barrio":"Palermo","pinLocation":"{\"lat\":-34.57649931051634,\"lng\":-58.431309392823735}","barrio_cleaned":"palermo"}},{"type":"Feature","geometry":{"coordinates":[[[-58.476284,-34.538457],[-58.500746,-34.549379],[-58.510058,-34.569383],[-58.5092,-34.569878],[-58.507655,-34.568818],[-58.492034,-34.561149],[-58.491047,-34.562598],[-58.481544,-34.557902],[-58.472747,-34.55313],[-58.473648,-34.551929],[-58.468026,-34.548889],[-58.475826,-34.538644],[-58.476284,-34.538457]]],"type":"Polygon"},"properties":{"id":"b7d97168-f94e-46c1-9f5e-a64229ca50fa","barrio":"Saavedra","pinLocation":"{\"lat\":-34.54764739984455,\"lng\":-58.479116704436194}","barrio_cleaned":"saavedra"}},{"type":"Feature","geometry":{"coordinates":[[[-58.414665,-34.594041],[-58.430051,-34.594501],[-58.444645,-34.584636],[-58.435813,-34.57517],[-58.405216,-34.580399],[-58.414665,-34.594041]]],"type":"Polygon"},"properties":{"id":"15d367b4-b7ed-44aa-abc5-1649b8637337","barrio":"Palermo","pinLocation":"{\"lat\":-34.58506468370764,\"lng\":-58.41377094899035}","barrio_cleaned":"palermo"}},{"type":"Feature","geometry":{"coordinates":[[[-58.407644,-34.574579],[-58.408531,-34.575553],[-58.409917,-34.577378],[-58.39942,-34.582736],[-58.398309,-34.580864],[-58.407644,-34.574579]]],"type":"Polygon"},"properties":{"id":"11fd696e-6709-43b8-ab0f-3b36be813702","barrio":"Palermo Chico","pinLocation":"{\"lat\":-34.575558415253155,\"lng\":-58.40619962495376}","barrio_cleaned":"palermochico"}},{"type":"Feature","geometry":{"coordinates":[[[-58.457528,-34.604324],[-58.451999,-34.605944],[-58.444841,-34.607789],[-58.436489,-34.608997],[-58.445045,-34.627713],[-58.428799,-34.618104],[-58.453257,-34.625955],[-58.460689,-34.622956],[-58.457528,-34.604324]]],"type":"Polygon"},"properties":{"id":"f1432a71-9e1a-499f-84a7-df88c127c8ec","barrio":"Caballito","pinLocation":"{\"lat\":-34.60613899624242,\"lng\":-58.45727809513521}","barrio_cleaned":"caballito"}},{"type":"Feature","geometry":{"coordinates":[[[-58.468434,-34.548552],[-58.476349,-34.550228],[-58.480843,-34.556132],[-58.507762,-34.570257],[-58.498998,-34.550666],[-58.474859,-34.539283],[-58.468434,-34.548552]]],"type":"Polygon"},"properties":{"id":"93fd95bd-2bf8-4f98-8d7a-44403dec08fa","barrio":"Saavedra","pinLocation":"{\"lat\":-34.54856953634662,\"lng\":-58.46997880051569}","barrio_cleaned":"saavedra"}},{"type":"Feature","geometry":{"coordinates":[[[-58.392477,-34.608853],[-58.393428,-34.623],[-58.416078,-34.626914],[-58.419072,-34.61068],[-58.392477,-34.608853]]],"type":"Polygon"},"properties":{"id":"174c6ebf-0395-4b42-b1ab-717b3415b630","barrio":"San Cristóbal","pinLocation":"{\"lat\":-34.622713783535055,\"lng\":-58.408451700152085}","barrio_cleaned":"sancristobal"}},{"type":"Feature","geometry":{"coordinates":[[[-58.430336,-34.615258],[-58.431093,-34.606344],[-58.430249,-34.59922],[-58.426803,-34.598041],[-58.423033,-34.597875],[-58.414982,-34.598329],[-58.416709,-34.60675],[-58.415838,-34.610607],[-58.414887,-34.614037],[-58.413797,-34.620308],[-58.423317,-34.621926],[-58.427973,-34.622385],[-58.430336,-34.615258]]],"type":"Polygon"},"properties":{"id":"5d2b0dd8-44b6-46eb-8443-558e1664395e","barrio":"Almagro","pinLocation":"{\"lat\":-34.605334084367634,\"lng\":-58.421160198419784}","barrio_cleaned":"almagro"}},{"type":"Feature","geometry":{"coordinates":[[[-58.471307,-34.560375],[-58.457406,-34.568942],[-58.444575,-34.560631],[-58.453032,-34.550717],[-58.471307,-34.560375]]],"type":"Polygon"},"properties":{"id":"2ed0c64f-76ab-46cf-a976-ceeb100212bf","barrio":"Belgrano C","pinLocation":"{\"lat\":-34.55778120417949,\"lng\":-58.46050993278517}","barrio_cleaned":"belgranoc"}},{"type":"Feature","geometry":{"coordinates":[[[-58.458958,-34.5675],[-58.471892,-34.552603],[-58.45902,-34.545319],[-58.451185,-34.552796],[-58.441876,-34.548123],[-58.434615,-34.55327],[-58.441599,-34.558844],[-58.436541,-34.563559],[-58.439587,-34.566228],[-58.437459,-34.568475],[-58.441833,-34.571497],[-58.445185,-34.569943],[-58.447253,-34.573649],[-58.458958,-34.5675]]],"type":"Polygon"},"properties":{"id":"29bd3c5b-532b-48eb-8c9e-91a78fed4623","barrio":"Belgrano C","pinLocation":"{\"lat\":-34.559877334280266,\"lng\":-58.45062366185485}","barrio_cleaned":"belgranoc"}},{"type":"Feature","geometry":{"coordinates":[[[-58.410023,-34.589075],[-58.414331,-34.594085],[-58.411631,-34.596275],[-58.41101,-34.595164],[-58.389525,-34.598493],[-58.389718,-34.593372],[-58.38342,-34.58768],[-58.395914,-34.58176],[-58.397289,-34.583237],[-58.403443,-34.581455],[-58.404517,-34.580501],[-58.410023,-34.589075]]],"type":"Polygon"},"properties":{"id":"ecf218f2-a711-4552-a846-090a3233c3d1","barrio":"Recoleta","pinLocation":"{\"lat\":-34.58867239415492,\"lng\":-58.400692946239985}","barrio_cleaned":"recoleta"}},{"type":"Feature","geometry":{"coordinates":[[[-58.417391,-34.613994],[-58.418594,-34.610375],[-58.419152,-34.608453],[-58.417849,-34.60337],[-58.41674,-34.59784],[-58.426638,-34.597963],[-58.42962,-34.599102],[-58.430766,-34.605995],[-58.43034,-34.615379],[-58.417391,-34.613994]]],"type":"Polygon"},"properties":{"id":"053c29a3-908e-4060-94e1-a57fc6cd04bd","barrio":"Almagro","pinLocation":"{\"lat\":-34.60875703223773,\"lng\":-58.425465450242825}","barrio_cleaned":"almagro"}},{"type":"Feature","geometry":{"coordinates":[[[-58.412239,-34.598211],[-58.414268,-34.612525],[-58.42995,-34.614658],[-58.431646,-34.606099],[-58.433949,-34.602866],[-58.423482,-34.598048],[-58.429461,-34.598462],[-58.424342,-34.597862],[-58.412239,-34.598211]]],"type":"Polygon"},"properties":{"id":"4169b7c0-d4c6-4078-be96-16686bac3536","barrio":"Almagro","pinLocation":"{\"lat\":-34.60492643953573,\"lng\":-58.423106747667774}","barrio_cleaned":"almagro"}},{"type":"Feature","geometry":{"coordinates":[[[-58.409597,-34.589597],[-58.402664,-34.594714],[-58.382583,-34.595108],[-58.381866,-34.588416],[-58.404218,-34.57641],[-58.409597,-34.589597]]],"type":"Polygon"},"properties":{"id":"7dc6cbb6-0ffb-4810-9d56-38f47e38d247","barrio":"Recoleta","pinLocation":"{\"lat\":-34.58727529459902,\"lng\":-58.39772222809263}","barrio_cleaned":"recoleta"}},{"type":"Feature","geometry":{"coordinates":[[[-58.465164,-34.596283],[-58.46431,-34.592643],[-58.466736,-34.590362],[-58.46157,-34.586033],[-58.460308,-34.584986],[-58.460282,-34.578477],[-58.453828,-34.57947],[-58.445607,-34.582674],[-58.44436,-34.583124],[-58.437414,-34.587987],[-58.442648,-34.590681],[-58.449783,-34.594358],[-58.457447,-34.596124],[-58.46234,-34.596352],[-58.465164,-34.596283]]],"type":"Polygon"},"properties":{"id":"779649c6-c95e-4dbc-b10a-96ab53c6a1e7","barrio":"Chacarita","pinLocation":"{\"lat\":-34.58735343933114,\"lng\":-58.449133844290344}","barrio_cleaned":"chacarita"}},{"type":"Feature","geometry":{"coordinates":[[[-58.518239,-34.590203],[-58.50366,-34.59438],[-58.507079,-34.596528],[-58.499721,-34.605552],[-58.515836,-34.614508],[-58.526463,-34.60746],[-58.518239,-34.590203]]],"type":"Polygon"},"properties":{"id":"22c5b004-15c3-47e1-a5e6-c2fb1d25b0ed","barrio":"Villa Devoto","pinLocation":"{\"lat\":-34.6069538135092,\"lng\":-58.50448830394501}","barrio_cleaned":"villadevoto"}},{"type":"Feature","geometry":{"coordinates":[[[-58.429997,-34.567714],[-58.431343,-34.569149],[-58.427945,-34.572984],[-58.431629,-34.574528],[-58.440464,-34.565305],[-58.438324,-34.563016],[-58.429997,-34.567714]]],"type":"Polygon"},"properties":{"id":"55f14634-9156-4da1-8d61-a7b3b938650c","barrio":"Las Cañitas","pinLocation":"{\"lat\":-34.56870842203996,\"lng\":-58.43473417773316}","barrio_cleaned":"lascanitas"}},{"type":"Feature","geometry":{"coordinates":[[[-58.496094,-34.678137],[-58.491684,-34.674235],[-58.48681,-34.678773],[-58.490911,-34.682018],[-58.496094,-34.678137]]],"type":"Polygon"},"properties":{"id":"af68911e-9c88-4dec-91c6-48cdfe5d51aa","barrio":"Barrio Piedrabuena","pinLocation":"{\"lat\":-34.678932178250164,\"lng\":-58.49024629255226}","barrio_cleaned":"barriopiedrabuena"}},{"type":"Feature","geometry":{"coordinates":[[[-58.391917,-34.618253],[-58.390229,-34.634104],[-58.383458,-34.632211],[-58.379709,-34.632929],[-58.378707,-34.630372],[-58.381088,-34.622924],[-58.381403,-34.617797],[-58.391917,-34.618253]]],"type":"Polygon"},"properties":{"id":"17694d52-1fa4-4733-842e-f4af920c5c1e","barrio":"Constitución","pinLocation":"{\"lat\":-34.62096323620686,\"lng\":-58.390022931375654}","barrio_cleaned":"constitucion"}}]}